Shipment_ID,Week,Warehouse_ID,Store_ID,Carrier,Product_Category,Promo_Flag,Region,Mode,Distance_km,Weight_kg,Delivery_Time_hrs,Fuel_Price_EUR_per_litre,Temperature_C,Weekly_Sales_EUR,On_Time_Flag,Notes
SH00000,2024-02-18,C,S07,C3,Frozen,1,North,Air,114.2,10.45,8.2,1.62,3.2,31186.92,0,Damaged carton
SH00001,2024-05-19,B,S05,C3,Grocery,0,South,Air,515.9,19.46,8.0,1.78,6.3,44982.05,0,
SH00002,2024-04-14,C,S07,C1,Clothing,0,North,Road,152.9,10.61,8.0,1.65,,36623.22,1,
SH00003,2024-03-17,B,S03,C3,Electronics,0,East,Air,345.9,13.53,9.0,1.74,5.8,99254.34,0,Driver delay
SH00004,2024-02-25,C,S12,C1,Grocery,0,North,Road,200.2,17.7,13.6,1.73,8.6,55523.1,0,
SH00005,2024-02-18,A,S02,C3,Grocery,0,North,Air,183.5,14.57,8.0,1.65,6.0,45219.08,0,Damaged carton
SH00006,2024-05-12,D,S06,C3,Frozen,0,South,Air,480.6,12.99,8.0,1.68,5.3,33637.85,0,Driver delay
SH00007,2024-03-17,C,S02,C4,Grocery,0,North,Rail,215.2,13.97,10.2,1.69,5.1,49028.14,1,
SH00008,2024-03-17,C,S03,C1,Grocery,0,East,Road,304.9,17.8,24.1,1.73,8.1,62259.14,0,Partial delivery
SH00009,2024-01-28,D,S06,C1,Grocery,0,South,Road,527.4,17.01,15.7,1.72,5.6,47497.24,1,Partial delivery
SH00010,2024-02-25,C,S05,C1,Frozen,0,South,Road,445.6,23.58,11.7,1.67,7.7,23075.0,1,Partial delivery
SH00011,2024-01-21,C,S08,C1,Clothing,0,North,Road,158.9,11.58,15.2,1.72,3.0,38879.49,0,Damaged carton
SH00012,2024-01-14,B,S09,C1,Clothing,1,West,Road,392.9,11.88,17.6,1.65,2.4,49401.4,0,
SH00013,2024-03-24,D,S11,C4,Grocery,0,North,Rail,275.7,19.89,19.1,1.79,3.9,39925.8,0,nan
SH00014,2024-02-11,A,S03,C1,Electronics,0,East,Road,290.1,8.53,19.6,1.7,3.6,87030.94,0,Driver delay
SH00015,2024-01-14,C,S12,C1,Electronics,0,North,Road,180.8,8.9,13.1,1.58,,97096.63,0,
SH00016,2024-01-07,D,S10,C3,Clothing,0,North,Air,243.8,,8.0,1.74,4.2,33265.09,0,
SH00017,2024-03-24,B,S03,C2,Frozen,0,East,Road,332.5,15.75,10.2,1.85,,34377.2,1,
SH00018,2024-03-24,A,S03,C3,Grocery,0,East,Air,309.4,19.56,8.0,1.83,8.0,45450.27,0,
SH00019,2024-04-28,D,S06,C1,Clothing,0,South,Road,585.1,8.0,14.0,1.68,2.5,39851.69,1,Partial delivery
SH00020,2024-03-10,A,S01,C2,Grocery,0,North,Road,165.0,16.84,14.0,,3.1,49026.71,0,
SH00021,2024-04-21,A,S07,C1,Electronics,0,North,Road,215.6,7.62,9.9,1.7,7.5,79703.47,1,
SH00022,2024-04-14,A,S12,C1,Grocery,0,North,Road,218.9,12.43,13.9,1.71,6.1,-1.0,0,Driver delay
SH00023,2024-04-14,C,S01,C4,Grocery,0,North,Rail,113.7,23.13,12.5,1.64,,42318.63,0,
SH00024,2024-05-12,C,S05,C1,Grocery,0,South,Road,432.3,26.82,10.5,1.65,8.9,59699.75,1,Driver delay
SH00025,2024-03-24,B,S10,C2,Electronics,0,North,Road,266.4,14.8,8.0,1.75,,86042.51,1,Driver delay
SH00026,2024-05-19,B,S08,C2,Grocery,0,North,Road,257.7,12.96,8.0,1.77,5.0,56266.87,1,
SH00027,2024-01-21,D,S04,C2,Clothing,1,South,Road,527.5,11.15,12.9,1.69,2.2,45915.49,1,Driver delay
SH00028,2024-02-04,B,S05,C4,Electronics,1,South,Rail,500.0,14.1,18.0,1.79,0.2,86609.53,1,Driver delay
SH00029,2024-05-12,A,S04,C1,Grocery,0,South,Road,455.1,16.39,11.7,1.66,6.6,58870.35,1,
SH00030,2024-02-18,A,S12,C3,Clothing,0,North,Air,149.3,9.96,9.1,1.67,3.5,33053.5,0,
SH00031,2024-03-03,C,S12,C4,Grocery,0,North,Rail,175.8,16.17,9.3,,3.4,51119.79,1,Damaged carton
SH00032,2024-02-18,A,S04,C3,Electronics,0,South,Air,439.0,16.12,8.0,1.65,2.7,92227.95,0,nan
SH00033,2024-05-05,D,S12,C4,Clothing,0,North,Rail,258.9,9.46,11.9,1.7,6.1,39239.19,1,Partial delivery
SH00034,2024-01-28,A,S08,C1,Grocery,1,North,Road,274.5,14.33,17.9,,2.5,76408.25,0,
SH00035,2024-04-07,A,S02,C2,Grocery,0,North,Road,237.6,20.68,8.0,1.53,6.0,47963.31,1,Partial delivery
SH00036,2024-05-05,D,S01,C1,Grocery,1,North,Road,245.5,22.24,18.3,1.72,7.1,52545.17,0,Damaged carton
SH00037,2024-03-03,B,S03,C3,Frozen,0,East,Air,350.4,15.79,8.0,1.66,4.2,31683.78,0,Partial delivery
SH00038,2024-01-14,B,S09,C4,Electronics,0,West,Rail,433.7,11.92,10.5,1.61,3.1,82379.55,1,Driver delay
SH00039,2024-05-19,D,S04,C1,Clothing,0,South,Road,485.1,7.72,13.0,1.81,6.9,56127.86,1,Damaged carton
SH00040,2024-04-14,C,S10,C3,Electronics,0,North,Air,172.3,5.46,20.2,1.69,,68658.69,0,nan
SH00041,2024-02-18,A,S05,C1,Grocery,0,South,Road,453.7,17.39,17.8,1.65,7.2,48111.15,0,Driver delay
SH00042,2024-03-24,D,S02,C3,Electronics,0,North,Air,241.8,12.09,8.0,1.78,5.9,71229.61,0,Partial delivery
SH00043,2024-02-25,A,S04,C2,Clothing,0,South,Road,461.4,7.49,17.6,,,39145.09,0,
SH00044,2024-04-14,C,S02,C4,Grocery,1,North,Rail,203.5,21.2,9.0,1.67,,63217.68,1,nan
SH00045,2024-01-21,A,S02,C3,Grocery,0,North,Air,245.2,16.43,8.0,1.73,1.3,43457.75,0,nan
SH00046,2024-04-07,D,S04,C2,Grocery,1,South,Road,522.5,16.69,14.5,1.52,4.5,-1.0,1,
SH00047,2024-04-28,A,S06,C1,Electronics,1,South,Road,525.0,13.32,22.8,1.8,5.9,100659.36,0,Damaged carton
SH00048,2024-01-28,B,S07,C1,Frozen,0,North,Road,178.3,15.89,8.0,1.68,5.8,36054.67,1,
SH00049,2024-05-05,C,S10,C1,Grocery,0,North,Road,180.7,16.35,8.8,1.71,10.0,45135.82,1,Driver delay
SH00050,2024-02-25,C,S03,C1,Electronics,0,East,Road,227.6,14.14,8.0,1.68,3.7,-1.0,1,Driver delay
SH00051,2024-01-28,C,S03,C4,Grocery,1,East,Rail,272.7,15.25,14.4,1.67,4.2,67689.77,1,
SH00052,2024-01-14,D,S10,C3,Frozen,0,North,Air,264.3,12.09,8.0,1.62,5.4,35721.0,0,nan
SH00053,2024-02-11,C,S06,C2,Grocery,0,South,Road,435.2,,10.1,1.73,4.3,50865.9,1,
SH00054,2024-03-10,B,S12,C1,Electronics,0,North,Road,236.2,7.78,11.1,1.75,,70632.15,0,Driver delay
SH00055,2024-01-28,D,S03,C4,Clothing,0,East,Rail,355.2,13.23,14.8,1.7,1.4,38418.87,0,Damaged carton
SH00056,2024-05-05,B,S02,C3,Clothing,0,North,Air,217.2,0.5,9.4,1.7,7.5,31679.39,0,
SH00057,2024-03-24,A,S08,C1,Electronics,0,North,Road,258.0,6.19,15.5,1.85,6.6,78661.6,0,
SH00058,2024-01-14,A,S05,C3,Grocery,0,South,Air,463.3,19.76,8.0,1.68,,51290.7,0,
SH00059,2024-03-10,A,S01,C2,Grocery,1,North,Road,148.9,9.02,8.0,1.77,5.1,65445.8,1,Partial delivery
SH00060,2024-01-28,A,S03,C1,Grocery,0,East,Road,316.5,15.96,8.4,1.71,5.9,59976.18,1,Partial delivery
SH00061,2024-04-07,B,S10,C2,Grocery,1,North,Road,234.2,22.56,16.3,1.52,5.1,63545.95,0,
SH00062,2024-04-21,D,S08,C2,Electronics,0,North,Road,280.1,18.17,10.8,1.72,4.3,57272.08,1,
SH00063,2024-04-14,D,S04,C1,Grocery,1,South,Road,554.6,19.16,22.1,1.65,3.8,99554.63,0,
SH00064,2024-02-25,C,S07,C4,Grocery,0,North,Rail,205.5,14.29,14.1,1.65,1.8,44820.44,0,Driver delay
SH00065,2024-04-07,B,S10,C4,Clothing,0,North,Rail,214.2,4.16,13.4,1.49,4.7,45812.47,0,Driver delay
SH00066,2024-02-25,A,S12,C3,Frozen,0,North,Air,199.1,15.58,10.1,1.69,,23230.89,0,
SH00067,2024-04-21,B,S02,C2,Electronics,1,North,Road,223.6,11.12,8.0,1.67,5.5,107825.31,1,Partial delivery
SH00068,2024-03-31,C,S07,C2,Grocery,0,North,Road,187.9,25.43,11.6,1.67,5.8,44040.91,0,
SH00069,2024-05-05,C,S05,C3,Grocery,1,South,Air,413.0,21.88,8.0,1.72,8.6,37479.31,1,nan
SH00070,2024-04-14,B,S05,C2,Frozen,1,South,Road,490.9,15.34,12.8,1.71,4.7,37345.56,1,nan
SH00071,2024-03-31,B,S06,C1,Grocery,0,South,Road,481.9,16.66,16.3,1.66,10.1,49624.51,0,Partial delivery
SH00072,2024-03-03,B,S09,C2,Grocery,0,West,Road,386.8,30.06,8.0,1.71,6.3,48358.36,1,nan
SH00073,2024-04-14,D,S06,C4,Electronics,0,South,Rail,581.1,12.51,21.8,1.71,5.3,82917.36,0,nan
SH00074,2024-03-31,A,S12,C2,Electronics,0,North,Road,271.7,7.32,8.0,1.65,5.0,76765.9,1,nan
SH00075,2024-01-07,B,S08,C1,Electronics,1,North,Road,251.3,9.1,14.1,1.75,1.6,105078.74,0,Partial delivery
SH00076,2024-02-18,B,S07,C3,Grocery,0,North,Air,237.0,14.49,8.0,1.64,4.5,51275.84,0,
SH00077,2024-03-03,B,S09,C1,Grocery,0,West,Road,342.1,8.38,8.0,1.67,0.5,49736.16,1,
SH00078,2024-01-07,C,S04,C1,Frozen,1,South,Road,397.2,16.25,8.5,1.71,6.1,38000.96,1,
SH00079,2024-03-24,C,S02,C1,Grocery,0,North,Road,166.2,25.13,8.0,1.8,-0.4,43297.6,1,Partial delivery
SH00080,2024-02-25,D,S07,C2,Clothing,1,North,Road,258.5,1.48,8.0,1.67,4.8,56636.68,1,
SH00081,2024-03-17,A,S06,C3,Clothing,0,South,Air,431.7,,8.0,1.71,2.8,38302.02,0,
SH00082,2024-05-12,D,S01,C2,Electronics,0,North,Road,327.3,,15.3,1.66,4.9,75634.09,0,Damaged carton
SH00083,2024-04-28,A,S11,C1,Grocery,0,North,Road,200.9,20.09,8.9,1.74,4.9,53842.21,1,
SH00084,2024-02-25,C,S09,C4,Grocery,0,West,Rail,323.5,17.31,10.4,,8.5,51589.69,1,Partial delivery
SH00085,2024-01-21,C,S09,C4,Electronics,0,West,Rail,299.8,4.56,15.4,1.75,1.7,71621.36,1,nan
SH00086,2024-01-21,C,S12,C4,Frozen,0,North,Rail,205.3,11.08,12.7,1.73,5.8,35627.96,0,Driver delay
SH00087,2024-01-07,D,S02,C1,Frozen,0,North,Road,273.6,11.68,17.8,1.72,6.0,24648.49,0,Partial delivery
SH00088,2024-02-04,B,S03,C2,Grocery,0,East,Road,324.4,23.38,14.1,1.76,-0.4,42263.94,0,Partial delivery
SH00089,2024-03-10,B,S05,C4,Grocery,0,South,Rail,442.6,23.17,17.3,1.78,,55012.65,0,Damaged carton
SH00090,2024-02-18,C,S05,C3,Frozen,0,South,Air,418.2,13.75,11.3,1.69,7.5,37880.11,0,
SH00091,2024-03-03,B,S01,C1,Clothing,0,North,Road,223.4,12.91,8.5,1.72,2.2,36535.59,1,nan
SH00092,2024-02-18,B,S08,C1,Frozen,0,North,Road,290.5,14.31,10.0,,6.9,31857.7,1,
SH00093,2024-03-03,D,S12,C2,Grocery,0,North,Road,335.3,16.69,17.7,1.74,,41057.27,0,
SH00094,2024-02-25,A,S08,C4,Electronics,0,North,Rail,162.9,10.23,8.0,1.69,,68852.18,1,Driver delay
SH00095,2024-03-24,C,S04,C2,Clothing,0,South,Road,386.3,,17.9,1.81,5.4,46793.19,0,
SH00096,2024-01-14,C,S07,C2,Clothing,0,North,Road,161.7,,9.5,1.69,,42194.58,1,
SH00097,2024-01-07,D,S11,C1,Electronics,0,North,Road,255.5,10.09,8.5,1.64,1.7,93958.76,1,
SH00098,2024-04-21,D,S10,C3,Grocery,0,North,Air,286.5,21.15,8.0,1.7,5.4,58147.32,0,
SH00099,2024-02-04,B,S03,C4,Electronics,1,East,Rail,330.2,10.52,13.9,1.78,5.0,71403.02,0,
SH00100,2024-01-21,C,S06,C2,Grocery,0,South,Road,428.4,18.17,14.6,1.76,4.3,41030.34,1,
SH00101,2024-03-24,A,S10,C3,Electronics,0,North,Air,230.5,11.98,8.0,1.88,6.0,83293.71,0,Partial delivery
SH00102,2024-02-25,D,S10,C4,Frozen,0,North,Rail,248.1,17.67,8.4,1.68,3.2,22363.1,0,nan
SH00103,2024-01-21,A,S12,C1,Grocery,0,North,Road,229.9,17.75,8.0,1.72,5.2,42092.71,1,
SH00104,2024-01-07,A,S09,C2,Clothing,1,West,Road,328.1,6.1,9.1,,3.9,63130.35,1,nan
SH00105,2024-01-21,C,S01,C1,Grocery,0,North,Road,234.5,18.76,9.2,1.74,0.8,45938.26,1,
SH00106,2024-02-04,C,S05,C3,Clothing,0,South,Air,468.6,1.62,8.4,1.79,3.2,44261.79,1,
SH00107,2024-04-14,D,S04,C3,Frozen,0,South,Air,526.6,14.16,13.7,1.73,3.9,-1.0,0,
SH00108,2024-04-07,C,S08,C3,Grocery,0,North,Air,141.1,,8.0,1.53,3.8,44900.48,0,Partial delivery
SH00109,2024-01-21,C,S11,C3,Grocery,0,North,Air,135.4,11.3,8.0,1.74,3.0,-1.0,0,Damaged carton
SH00110,2024-01-07,C,S12,C2,Electronics,0,North,Road,196.2,,8.0,1.7,4.9,82799.63,1,Partial delivery
SH00111,2024-02-04,A,S01,C4,Grocery,0,North,Rail,199.1,22.19,11.6,1.72,3.0,60909.54,1,Driver delay
SH00112,2024-04-07,D,S09,C2,Clothing,0,West,Road,457.8,8.06,15.7,1.56,6.0,36090.84,0,Damaged carton
SH00113,2024-02-18,B,S06,C1,Frozen,0,South,Road,556.1,9.95,18.0,1.7,4.7,-1.0,0,Partial delivery
SH00114,2024-03-03,A,S04,C3,Electronics,0,South,Air,426.9,11.96,10.0,1.66,3.3,61762.53,0,nan
SH00115,2024-04-14,C,S12,C3,Grocery,0,North,Air,133.1,21.95,11.1,1.69,,44958.69,0,
SH00116,2024-04-14,A,S09,C2,Electronics,0,West,Road,355.8,12.03,11.4,1.67,7.5,84090.58,1,
SH00117,2024-03-10,C,S11,C4,Clothing,1,North,Rail,204.3,7.25,20.3,1.77,5.3,57800.98,0,Driver delay
SH00118,2024-03-31,C,S05,C4,Grocery,0,South,Rail,391.8,18.93,15.4,1.67,6.5,54169.62,1,Partial delivery
SH00119,2024-05-12,A,S05,C1,Electronics,1,South,Road,451.0,13.61,14.6,1.62,8.9,72307.8,1,
SH00120,2024-02-18,D,S12,C4,Electronics,0,North,Rail,321.1,8.12,18.2,1.68,5.4,74516.78,0,
SH00121,2024-04-28,C,S05,C1,Electronics,0,South,Road,371.0,10.12,16.0,1.73,2.2,68392.63,0,Damaged carton
SH00122,2024-05-19,D,S01,C1,Grocery,0,North,Road,287.1,16.97,8.0,1.78,7.0,47682.29,1,Damaged carton
SH00123,2024-01-28,B,S01,C1,Clothing,0,North,Road,223.8,1.55,9.1,1.7,2.8,39332.85,1,
SH00124,2024-02-04,C,S08,C4,Grocery,0,North,Rail,173.7,21.67,14.8,1.75,7.9,57997.64,0,nan
SH00125,2024-02-18,D,S12,C3,Grocery,0,North,Air,301.3,26.23,8.0,1.66,5.3,52214.28,0,Driver delay
SH00126,2024-03-31,D,S08,C1,Frozen,0,North,Road,286.6,11.5,13.2,1.63,4.2,36380.24,0,Damaged carton
SH00127,2024-04-14,B,S12,C2,Clothing,1,North,Road,209.7,11.85,10.4,1.7,6.9,46543.82,0,Partial delivery
SH00128,2024-03-17,D,S06,C3,Grocery,0,South,Air,515.0,14.63,10.6,1.68,,39371.93,0,nan
SH00129,2024-01-28,D,S12,C1,Grocery,0,North,Road,322.8,18.53,8.1,1.71,0.6,60914.32,1,
SH00130,2024-03-31,B,S11,C4,Grocery,0,North,Rail,249.9,24.03,15.2,1.71,7.2,53250.91,0,
SH00131,2024-02-18,C,S04,C4,Grocery,0,South,Rail,445.2,15.92,18.8,1.61,3.7,44425.46,1,Damaged carton
SH00132,2024-05-12,D,S02,C2,Grocery,0,North,Road,287.5,17.94,17.3,1.69,9.2,53283.67,0,Driver delay
SH00133,2024-01-14,D,S02,C4,Grocery,0,North,Rail,304.3,10.79,23.8,1.65,3.5,56264.45,0,
SH00134,2024-03-10,D,S09,C2,Electronics,1,West,Road,418.1,,18.8,1.73,7.9,105859.38,0,nan
SH00135,2024-03-31,A,S05,C4,Clothing,0,South,Rail,427.0,0.5,18.6,1.7,6.3,35625.78,0,Damaged carton
SH00136,2024-02-11,B,S04,C3,Electronics,0,South,Air,512.9,11.72,15.1,1.58,6.3,-1.0,0,
SH00137,2024-03-24,A,S10,C3,Clothing,0,North,Air,233.8,11.33,8.8,1.83,4.3,41743.73,0,
SH00138,2024-03-24,B,S01,C1,Grocery,1,North,Road,212.6,17.11,8.0,1.8,,66939.16,1,
SH00139,2024-05-19,C,S07,C4,Frozen,0,North,Rail,152.7,16.14,10.7,1.78,3.0,35455.17,0,Driver delay
SH00140,2024-03-17,C,S03,C2,Clothing,0,East,Road,265.1,,14.9,1.77,4.9,38344.54,0,nan
SH00141,2024-02-18,D,S06,C1,Clothing,0,South,Road,578.6,10.96,18.8,1.7,1.6,34217.44,0,Damaged carton
SH00142,2024-01-07,B,S05,C1,Clothing,0,South,Road,506.9,8.52,9.7,1.73,1.3,55462.33,1,nan
SH00143,2024-01-07,C,S05,C3,Frozen,0,South,Air,380.3,7.06,8.0,1.77,1.8,30785.2,1,nan
SH00144,2024-05-19,B,S11,C2,Electronics,0,North,Road,237.2,13.76,8.0,1.74,7.8,90011.15,1,Damaged carton
SH00145,2024-03-31,C,S05,C3,Grocery,0,South,Air,412.6,16.44,9.8,1.7,5.1,53913.86,0,Partial delivery
SH00146,2024-03-03,A,S01,C4,Electronics,0,North,Rail,164.8,4.92,12.8,1.68,4.9,82238.89,0,Damaged carton
SH00147,2024-01-21,C,S01,C1,Clothing,0,North,Road,166.9,6.24,10.6,1.71,3.6,38633.54,1,Partial delivery
SH00148,2024-02-18,A,S03,C3,Clothing,0,East,Air,291.3,0.5,8.0,1.59,6.7,23177.11,0,
SH00149,2024-02-11,C,S12,C1,Electronics,0,North,Road,159.2,5.0,16.8,1.68,4.4,67241.35,0,Partial delivery
SH00150,2024-02-25,D,S10,C4,Grocery,0,North,Rail,267.8,18.57,8.0,1.71,5.2,52468.39,1,
SH00151,2024-03-03,A,S04,C4,Grocery,0,South,Rail,494.1,18.91,23.6,1.72,3.7,29607.7,0,nan
SH00152,2024-02-04,C,S05,C2,Frozen,0,South,Road,409.1,16.23,17.4,1.78,6.5,30322.28,0,nan
SH00153,2024-01-07,D,S02,C3,Electronics,0,North,Air,281.5,10.01,10.6,1.7,6.1,87934.77,0,
SH00154,2024-05-12,A,S08,C2,Electronics,1,North,Road,198.2,,8.0,1.72,6.3,116999.15,1,
SH00155,2024-03-10,D,S11,C2,Grocery,1,North,Road,264.8,17.78,9.2,1.78,3.8,70832.01,1,Damaged carton
SH00156,2024-03-24,B,S11,C4,Grocery,0,North,Rail,242.4,16.25,11.3,,,57187.94,1,Partial delivery
SH00157,2024-04-14,B,S02,C2,Frozen,0,North,Road,242.0,8.5,8.0,1.68,4.0,37225.25,1,
SH00158,2024-03-03,A,S09,C2,Clothing,0,West,Road,352.4,4.91,13.3,1.65,0.5,46576.71,1,Partial delivery
SH00159,2024-05-19,C,S02,C2,Clothing,0,North,Road,144.2,11.56,15.9,1.83,4.7,41180.99,0,
SH00160,2024-04-28,A,S09,C4,Electronics,0,West,Rail,343.8,16.35,9.4,1.69,6.7,78384.56,1,
SH00161,2024-04-28,D,S07,C2,Electronics,0,North,Road,302.8,12.61,8.0,1.76,5.9,81375.65,1,
SH00162,2024-05-19,C,S08,C1,Grocery,0,North,Road,164.6,24.17,8.0,1.77,11.1,47933.76,1,
SH00163,2024-03-24,B,S11,C3,Clothing,0,North,Air,244.9,8.34,8.0,1.77,,46705.48,0,Driver delay
SH00164,2024-02-18,C,S02,C4,Electronics,0,North,Rail,175.0,16.97,10.8,1.59,3.6,86865.2,1,nan
SH00165,2024-01-14,B,S07,C1,Electronics,0,North,Road,252.5,18.22,12.7,1.61,5.9,75427.08,0,Damaged carton
SH00166,2024-01-21,C,S12,C1,Electronics,0,North,Road,186.8,3.07,10.5,1.69,0.1,95889.05,1,Damaged carton
SH00167,2024-04-28,C,S06,C1,Frozen,0,South,Road,414.8,15.89,15.8,1.74,3.1,28686.55,1,
SH00168,2024-02-04,C,S04,C2,Grocery,1,South,Road,392.7,18.35,15.7,1.79,5.6,55778.73,0,Partial delivery
SH00169,2024-04-28,D,S07,C2,Clothing,1,North,Road,243.4,,10.4,1.75,5.6,51916.21,0,
SH00170,2024-04-28,D,S04,C3,Grocery,0,South,Air,560.5,19.97,8.7,1.8,5.7,43819.0,0,Partial delivery
SH00171,2024-04-28,A,S02,C3,Electronics,0,North,Air,223.1,10.16,8.0,1.71,4.2,91234.47,0,nan
SH00172,2024-01-14,A,S10,C3,Grocery,0,North,Air,219.5,15.06,13.0,1.58,,43659.26,0,
SH00173,2024-01-14,B,S12,C2,Grocery,0,North,Road,264.3,17.89,20.0,1.59,2.2,49134.73,0,Driver delay
SH00174,2024-02-04,D,S07,C4,Electronics,0,North,Rail,275.2,14.82,14.7,1.74,4.4,91276.49,0,
SH00175,2024-01-07,B,S08,C2,Grocery,0,North,Road,221.3,18.73,9.9,1.8,1.3,44658.49,1,
SH00176,2024-01-07,A,S02,C4,Electronics,0,North,Rail,170.6,12.51,12.8,1.67,3.3,84933.72,0,
SH00177,2024-05-12,B,S05,C3,Frozen,0,South,Air,457.3,13.89,8.0,1.7,10.4,25619.63,0,
SH00178,2024-01-14,A,S01,C1,Grocery,0,North,Road,236.4,19.81,11.0,1.6,,51832.87,1,
SH00179,2024-03-24,D,S07,C3,Clothing,0,North,Air,265.2,,8.0,1.79,5.0,43403.48,0,
SH00180,2024-02-11,C,S08,C2,Electronics,0,North,Road,201.6,8.0,12.7,1.62,4.0,79494.19,0,Damaged carton
SH00181,2024-01-28,D,S06,C3,Clothing,0,South,Air,524.4,,8.0,1.72,4.4,40201.16,0,
SH00182,2024-03-17,B,S05,C1,Grocery,1,South,Road,469.7,12.89,12.2,1.74,6.1,69328.86,1,Partial delivery
SH00183,2024-04-28,B,S06,C1,Grocery,0,South,Road,457.2,14.68,8.0,1.77,6.5,47896.19,1,nan
SH00184,2024-02-11,D,S02,C4,Grocery,0,North,Rail,262.4,19.25,8.0,1.67,4.9,56671.65,0,Damaged carton
SH00185,2024-02-04,D,S01,C1,Grocery,1,North,Road,322.5,18.52,12.3,1.68,3.9,78368.63,0,
SH00186,2024-05-19,A,S07,C4,Grocery,1,North,Rail,167.5,21.23,8.0,1.82,6.7,55973.6,1,
SH00187,2024-01-14,B,S07,C1,Clothing,0,North,Road,303.5,5.6,14.8,1.56,3.4,50602.36,0,nan
SH00188,2024-02-11,B,S10,C3,Frozen,1,North,Air,214.8,15.23,8.0,1.6,0.8,37224.6,0,Partial delivery
SH00189,2024-03-17,D,S11,C3,Clothing,0,North,Air,302.5,,8.0,1.71,,51966.07,0,Damaged carton
SH00190,2024-04-21,C,S10,C2,Clothing,0,North,Road,165.6,10.82,8.0,1.68,7.3,38260.5,1,
SH00191,2024-04-21,B,S02,C2,Grocery,0,North,Road,230.4,22.76,10.7,1.75,3.9,55305.34,0,Damaged carton
SH00192,2024-01-07,C,S02,C1,Grocery,0,North,Road,131.9,19.93,8.0,,4.1,55265.08,1,
SH00193,2024-03-03,D,S01,C1,Grocery,0,North,Road,277.0,22.24,8.2,1.72,,47095.16,1,nan
SH00194,2024-02-11,D,S10,C2,Grocery,0,North,Road,245.3,18.13,8.0,1.64,3.4,50544.71,1,nan
SH00195,2024-04-21,A,S08,C3,Electronics,0,North,Air,149.6,13.22,9.8,1.72,2.9,97278.81,0,
SH00196,2024-01-21,B,S08,C4,Electronics,0,North,Rail,243.6,10.3,12.9,1.74,3.8,76133.81,0,Damaged carton
SH00197,2024-05-19,C,S01,C4,Grocery,0,North,Rail,150.9,13.9,8.0,1.81,3.3,46868.4,1,
SH00198,2024-01-28,A,S12,C3,Grocery,0,North,Air,250.5,18.99,8.0,1.68,4.9,41349.0,0,Damaged carton
SH00199,2024-05-12,B,S11,C3,Clothing,0,North,Air,270.0,,8.0,1.67,7.7,49405.31,0,nan
SH00200,2024-01-21,A,S08,C3,Clothing,0,North,Air,250.9,17.36,10.2,1.72,2.3,37115.34,0,Damaged carton
SH00201,2024-05-12,D,S09,C1,Grocery,0,West,Road,409.6,16.66,17.5,1.63,6.7,58999.85,0,
SH00202,2024-05-19,B,S04,C4,Frozen,1,South,Rail,494.1,17.58,11.6,1.79,4.7,35482.07,1,
SH00203,2024-02-18,A,S01,C3,Frozen,0,North,Air,121.4,14.95,9.5,1.64,5.6,35258.63,0,nan
SH00204,2024-05-19,A,S01,C3,Grocery,0,North,Air,191.5,13.07,8.0,1.81,5.1,56049.82,0,Partial delivery
SH00205,2024-03-03,C,S03,C1,Grocery,0,East,Road,273.0,10.41,11.0,1.68,6.4,48286.76,1,Damaged carton
SH00206,2024-01-07,A,S05,C2,Electronics,0,South,Road,454.6,13.0,14.4,1.76,0.0,71188.69,1,
SH00207,2024-02-25,B,S05,C2,Frozen,0,South,Road,488.7,21.2,21.2,1.68,2.7,27061.36,0,
SH00208,2024-02-18,B,S09,C4,Frozen,0,West,Rail,392.0,12.06,10.8,1.63,2.3,27003.9,1,nan
SH00209,2024-05-05,C,S10,C2,Grocery,0,North,Road,88.6,11.37,11.9,1.72,6.6,57988.87,0,Damaged carton
SH00210,2024-02-25,B,S12,C2,Grocery,0,North,Road,247.7,16.7,8.0,1.7,5.8,51201.73,1,Damaged carton
SH00211,2024-01-07,D,S02,C4,Electronics,1,North,Rail,294.5,6.25,8.0,1.67,4.2,86604.09,1,Damaged carton
SH00212,2024-03-17,B,S02,C1,Electronics,0,North,Road,280.1,7.4,10.2,1.72,4.1,76974.4,1,Driver delay
SH00213,2024-05-05,B,S06,C2,Grocery,0,South,Road,501.1,20.44,14.2,1.7,0.6,49017.35,1,
SH00214,2024-03-10,A,S09,C1,Frozen,1,West,Road,346.1,14.8,8.0,1.75,5.1,-1.0,1,
SH00215,2024-01-21,A,S01,C3,Clothing,0,North,Air,233.1,,11.0,1.75,5.5,38820.92,0,Partial delivery
SH00216,2024-02-18,B,S09,C4,Clothing,0,West,Rail,319.3,10.35,8.0,1.65,9.9,44339.16,0,Partial delivery
SH00217,2024-04-21,C,S09,C1,Frozen,0,West,Road,304.6,17.67,12.0,1.64,5.0,29380.67,1,Driver delay
SH00218,2024-04-21,A,S09,C4,Clothing,0,West,Rail,327.0,6.65,19.5,1.66,4.5,41526.44,0,nan
SH00219,2024-05-19,C,S05,C1,Electronics,0,South,Road,419.0,10.55,23.5,1.78,7.1,85814.16,0,
SH00220,2024-04-28,B,S09,C4,Electronics,0,West,Rail,324.0,12.08,11.6,1.72,5.5,75888.77,1,
SH00221,2024-01-14,B,S11,C3,Grocery,0,North,Air,279.6,19.7,8.0,1.62,6.3,55480.66,0,nan
SH00222,2024-01-07,D,S04,C4,Clothing,0,South,Rail,522.5,8.16,23.2,1.71,2.0,48744.91,0,Damaged carton
SH00223,2024-04-21,A,S02,C1,Grocery,0,North,Road,209.6,23.73,13.3,,5.4,38571.06,0,Partial delivery
SH00224,2024-03-24,B,S06,C4,Clothing,0,South,Rail,496.7,10.33,15.5,1.73,,37930.9,1,Partial delivery
SH00225,2024-02-04,D,S04,C3,Grocery,0,South,Air,567.9,16.2,8.0,1.75,4.8,67472.13,0,Damaged carton
SH00226,2024-02-04,A,S06,C2,Grocery,1,South,Road,394.1,16.22,10.3,1.76,6.6,66663.01,1,
SH00227,2024-03-03,B,S03,C4,Grocery,0,East,Rail,343.4,15.77,12.2,1.7,4.0,49738.61,1,Driver delay
SH00228,2024-03-03,B,S06,C1,Grocery,0,South,Road,524.4,20.53,15.8,1.7,7.4,48064.68,1,nan
SH00229,2024-01-21,A,S02,C4,Clothing,0,North,Rail,197.1,5.51,8.7,1.76,0.6,47646.61,1,Partial delivery
SH00230,2024-05-12,A,S02,C1,Clothing,0,North,Road,171.5,6.3,8.0,1.66,3.1,34366.04,1,Damaged carton
SH00231,2024-04-21,A,S09,C3,Electronics,0,West,Air,331.9,14.23,9.1,1.68,8.4,91114.09,0,
SH00232,2024-04-21,B,S07,C2,Grocery,0,North,Road,228.2,18.77,8.0,1.65,5.9,47924.37,1,
SH00233,2024-01-21,B,S03,C1,Grocery,1,East,Road,318.4,22.79,9.3,1.72,5.8,57689.03,1,
SH00234,2024-05-19,D,S11,C1,Grocery,1,North,Road,275.4,21.19,8.0,1.77,6.7,62746.75,1,
SH00235,2024-01-07,C,S01,C1,Grocery,0,North,Road,215.2,13.29,11.3,1.75,3.6,49652.15,1,nan
SH00236,2024-05-19,A,S08,C2,Frozen,0,North,Road,182.1,14.59,8.0,1.78,3.8,27760.15,1,Driver delay
SH00237,2024-03-17,B,S06,C2,Grocery,0,South,Road,475.4,21.96,17.2,1.71,5.1,58345.79,0,Partial delivery
SH00238,2024-04-28,B,S07,C3,Grocery,0,North,Air,253.8,13.11,8.0,1.7,8.8,44434.37,0,Damaged carton
SH00239,2024-02-25,A,S09,C1,Grocery,0,West,Road,344.8,19.68,8.0,1.74,,51050.56,1,
SH00240,2024-01-28,C,S05,C1,Grocery,0,South,Road,380.1,17.84,12.5,1.69,5.4,54030.74,1,nan
SH00241,2024-02-11,A,S01,C3,Electronics,0,North,Air,198.2,2.98,13.2,1.64,5.7,81556.68,0,
SH00242,2024-02-25,C,S12,C1,Electronics,0,North,Road,167.0,10.48,12.9,1.68,2.7,89266.76,0,
SH00243,2024-05-19,B,S10,C4,Grocery,0,North,Rail,269.3,14.65,8.0,1.85,8.2,46748.27,1,Damaged carton
SH00244,2024-01-21,C,S07,C4,Grocery,1,North,Rail,140.8,13.33,8.0,1.72,3.3,71070.61,1,nan
SH00245,2024-04-21,D,S05,C3,Grocery,0,South,Air,559.5,18.04,8.0,1.73,5.4,-1.0,0,nan
SH00246,2024-01-21,B,S03,C3,Grocery,0,East,Air,337.1,10.28,14.5,1.77,8.1,57260.9,0,
SH00247,2024-05-05,D,S12,C4,Grocery,0,North,Rail,246.8,15.3,8.0,1.66,7.4,35857.57,1,nan
SH00248,2024-04-07,A,S09,C1,Frozen,0,West,Road,310.7,25.2,8.0,1.51,4.3,32290.71,1,
SH00249,2024-05-05,A,S01,C1,Electronics,0,North,Road,258.0,12.6,16.8,1.75,6.3,90815.24,0,
SH00250,2024-01-14,A,S01,C1,Electronics,0,North,Road,195.2,6.47,10.3,1.6,,75062.5,1,nan
SH00251,2024-01-21,C,S01,C3,Electronics,0,North,Air,198.1,15.62,11.5,1.74,7.3,73426.14,0,nan
SH00252,2024-04-21,B,S03,C1,Electronics,0,East,Road,288.8,6.03,8.0,1.69,6.0,71583.47,1,Partial delivery
SH00253,2024-03-03,A,S12,C3,Electronics,0,North,Air,279.1,7.79,8.0,1.67,9.2,67615.93,0,Partial delivery
SH00254,2024-01-28,A,S06,C4,Clothing,0,South,Rail,476.8,3.4,23.2,1.67,1.5,43994.56,0,nan
SH00255,2024-01-07,B,S10,C4,Clothing,0,North,Rail,232.3,9.02,10.2,1.74,3.6,53691.42,0,Driver delay
SH00256,2024-01-28,A,S11,C2,Grocery,1,North,Road,190.8,23.47,14.0,1.7,2.6,59578.8,0,nan
SH00257,2024-01-07,D,S03,C1,Electronics,0,East,Road,402.0,6.0,13.9,1.72,2.6,74401.42,0,Partial delivery
SH00258,2024-04-07,B,S08,C4,Electronics,0,North,Rail,260.3,1.76,8.0,1.61,4.6,80184.76,1,nan
SH00259,2024-04-21,B,S10,C3,Frozen,0,North,Air,245.5,19.36,8.0,,4.5,22791.11,0,nan
SH00260,2024-05-19,B,S02,C1,Electronics,1,North,Road,240.3,16.22,13.3,1.73,9.9,93149.45,0,
SH00261,2024-02-25,D,S09,C1,Electronics,0,West,Road,446.8,2.02,15.8,1.67,7.5,79316.41,0,nan
SH00262,2024-02-18,B,S03,C4,Grocery,0,East,Rail,287.7,19.84,12.0,1.72,5.3,43295.54,1,Damaged carton
SH00263,2024-01-21,D,S05,C3,Electronics,0,South,Air,518.9,10.91,8.0,1.71,3.0,94369.3,0,
SH00264,2024-04-28,B,S10,C4,Grocery,0,North,Rail,190.6,14.85,8.0,1.8,4.7,40296.37,1,Partial delivery
SH00265,2024-01-07,C,S08,C4,Grocery,0,North,Rail,188.1,12.42,8.0,1.71,5.1,56757.54,0,
SH00266,2024-04-21,A,S02,C3,Grocery,0,North,Air,179.7,21.97,8.0,1.7,6.5,61013.77,0,Damaged carton
SH00267,2024-03-24,C,S06,C2,Clothing,1,South,Road,372.9,8.72,12.3,1.83,5.0,54977.45,1,nan
SH00268,2024-05-12,A,S12,C2,Grocery,0,North,Road,176.2,19.02,8.0,1.68,7.4,48969.12,1,
SH00269,2024-04-07,D,S05,C2,Grocery,0,South,Road,534.5,15.51,18.8,1.54,7.4,51847.11,0,Damaged carton
SH00270,2024-02-11,C,S10,C2,Frozen,0,North,Road,163.8,11.79,8.0,1.71,4.1,28017.46,1,nan
SH00271,2024-02-11,B,S09,C3,Grocery,0,West,Air,354.8,,8.0,1.68,2.8,-1.0,0,Damaged carton
SH00272,2024-03-31,A,S12,C3,Electronics,1,North,Air,148.9,9.09,8.0,1.68,2.8,88723.66,0,
SH00273,2024-05-12,A,S05,C4,Electronics,0,South,Rail,452.2,15.76,21.2,1.73,6.8,79865.85,0,Damaged carton
SH00274,2024-02-25,C,S02,C2,Grocery,0,North,Road,152.6,14.44,18.0,,9.0,42944.85,0,Damaged carton
SH00275,2024-01-14,D,S05,C3,Clothing,0,South,Air,522.3,1.91,8.2,1.6,1.6,37521.26,0,Partial delivery
SH00276,2024-01-07,C,S12,C3,Grocery,0,North,Air,165.2,19.74,13.6,1.78,5.8,53593.84,0,nan
SH00277,2024-04-14,D,S04,C3,Electronics,0,South,Air,542.9,12.48,8.0,1.7,4.4,81740.29,0,Damaged carton
SH00278,2024-01-07,D,S11,C3,Electronics,0,North,Air,305.4,7.66,14.1,1.71,2.7,92701.7,0,nan
SH00279,2024-02-04,A,S07,C1,Electronics,1,North,Road,204.4,8.6,8.0,1.68,6.1,108589.01,1,Damaged carton
SH00280,2024-04-21,C,S06,C2,Clothing,1,South,Road,410.4,9.06,12.4,1.67,5.4,54753.17,1,
SH00281,2024-05-12,C,S02,C1,Grocery,0,North,Road,170.7,17.38,12.3,1.73,6.8,44657.83,0,Partial delivery
SH00282,2024-01-28,D,S12,C2,Grocery,1,North,Road,269.8,22.0,8.0,1.74,4.5,52021.72,1,Driver delay
SH00283,2024-01-21,C,S11,C2,Clothing,0,North,Road,120.7,17.75,8.0,1.73,2.6,37522.47,1,Partial delivery
SH00284,2024-04-28,B,S11,C3,Electronics,0,North,Air,272.8,,8.0,1.69,7.8,71273.78,0,
SH00285,2024-04-28,B,S05,C4,Clothing,0,South,Rail,517.1,12.92,16.7,1.71,5.9,38999.39,1,
SH00286,2024-03-24,C,S07,C3,Clothing,0,North,Air,229.7,,13.1,1.75,2.5,33603.77,0,
SH00287,2024-04-07,C,S11,C3,Clothing,0,North,Air,238.4,13.55,8.0,,3.8,45054.93,1,
SH00288,2024-02-11,D,S07,C2,Electronics,0,North,Road,244.7,12.9,8.0,1.72,-1.9,71229.5,1,Partial delivery
SH00289,2024-01-21,B,S05,C3,Grocery,0,South,Air,479.9,18.24,8.0,1.79,4.0,47271.73,0,
SH00290,2024-03-03,B,S12,C1,Clothing,0,North,Road,315.3,11.04,12.6,1.65,7.4,39878.85,0,Driver delay
SH00291,2024-02-04,A,S09,C1,Electronics,0,West,Road,348.8,8.42,15.5,1.74,2.1,93478.12,0,
SH00292,2024-04-28,D,S04,C2,Grocery,0,South,Road,537.3,14.9,8.0,1.7,7.2,63190.2,1,
SH00293,2024-04-07,A,S11,C2,Frozen,0,North,Road,154.4,18.24,8.5,1.53,6.4,38223.49,1,Damaged carton
SH00294,2024-01-21,B,S03,C1,Frozen,0,East,Road,344.5,11.62,12.0,1.78,2.4,-1.0,1,
SH00295,2024-01-07,D,S04,C1,Electronics,0,South,Road,588.0,12.57,19.5,1.75,6.7,75522.31,0,nan
SH00296,2024-05-19,C,S05,C1,Grocery,0,South,Road,458.6,18.12,12.4,1.81,5.9,45774.6,1,
SH00297,2024-01-07,D,S06,C4,Grocery,1,South,Rail,511.7,8.68,14.3,1.71,7.7,68610.51,1,Damaged carton
SH00298,2024-01-21,C,S03,C2,Clothing,0,East,Road,258.1,5.7,9.9,1.77,0.7,41855.7,1,nan
SH00299,2024-05-05,C,S02,C2,Frozen,0,North,Road,136.1,16.34,14.6,1.74,5.6,27376.49,0,Partial delivery
SH00300,2024-03-10,D,S04,C1,Grocery,1,South,Road,504.5,16.38,18.3,1.75,4.7,58546.12,0,
SH00301,2024-01-21,C,S05,C3,Grocery,0,South,Air,362.7,7.81,8.0,1.73,3.8,42519.25,1,Damaged carton
SH00302,2024-02-25,A,S04,C1,Frozen,0,South,Road,447.5,20.28,18.2,1.69,,18056.27,0,Driver delay
SH00303,2024-04-07,B,S11,C1,Grocery,0,North,Road,285.3,18.68,8.0,1.54,12.4,40263.77,1,nan
SH00304,2024-05-05,C,S12,C2,Electronics,1,North,Road,180.7,11.77,13.5,1.7,7.1,117521.68,0,nan
SH00305,2024-04-14,A,S03,C1,Frozen,0,East,Road,341.0,13.11,8.0,1.66,5.8,36591.17,1,
SH00306,2024-01-14,C,S08,C1,Grocery,0,North,Road,202.2,20.13,17.7,1.59,,60108.93,0,nan
SH00307,2024-03-10,B,S10,C1,Electronics,0,North,Road,223.6,17.34,8.0,1.71,,90910.81,1,
SH00308,2024-01-14,A,S04,C1,Grocery,0,South,Road,427.2,15.06,10.4,1.61,,42410.44,1,
SH00309,2024-04-28,B,S02,C1,Grocery,0,North,Road,218.4,24.67,11.2,1.73,4.9,41140.83,0,nan
SH00310,2024-02-25,B,S02,C2,Clothing,0,North,Road,188.5,,11.1,1.66,9.9,29133.86,0,
SH00311,2024-01-07,A,S01,C4,Electronics,0,North,Rail,201.0,6.52,9.2,1.7,5.4,73001.63,1,
SH00312,2024-03-03,A,S04,C3,Frozen,1,South,Air,362.9,23.85,8.1,,5.5,39509.57,0,
SH00313,2024-03-17,A,S10,C2,Electronics,0,North,Road,217.7,11.57,11.9,1.78,5.9,67906.59,0,Damaged carton
SH00314,2024-04-21,D,S09,C1,Grocery,0,West,Road,432.2,20.71,14.4,1.71,6.7,53233.16,0,Driver delay
SH00315,2024-02-18,A,S11,C4,Grocery,1,North,Rail,214.1,16.92,9.7,1.65,3.1,71355.61,0,Partial delivery
SH00316,2024-03-10,A,S07,C2,Grocery,0,North,Road,231.7,14.81,12.2,1.71,1.5,46441.32,0,
SH00317,2024-01-21,A,S12,C1,Grocery,0,North,Road,206.0,18.67,15.4,1.72,2.8,39949.87,0,Damaged carton
SH00318,2024-05-05,A,S10,C3,Grocery,0,North,Air,248.9,24.33,8.0,1.76,6.1,60356.95,0,nan
SH00319,2024-03-31,C,S07,C1,Grocery,1,North,Road,188.7,16.76,8.0,1.71,4.1,65342.64,1,nan
SH00320,2024-02-18,D,S07,C2,Electronics,0,North,Road,257.3,9.89,9.8,1.68,2.0,103294.47,1,
SH00321,2024-01-28,B,S08,C2,Clothing,0,North,Road,232.9,13.83,8.0,1.72,2.6,40554.27,1,nan
SH00322,2024-03-31,A,S01,C4,Clothing,1,North,Rail,132.2,6.8,8.0,1.69,7.5,53265.26,0,Driver delay
SH00323,2024-05-19,C,S10,C2,Clothing,0,North,Road,142.9,10.04,14.0,1.8,8.0,34213.02,0,
SH00324,2024-01-07,C,S10,C3,Grocery,1,North,Air,158.6,21.51,8.0,1.73,4.0,60870.45,0,
SH00325,2024-02-25,C,S08,C4,Grocery,1,North,Rail,186.4,17.21,10.1,1.67,5.9,49801.67,0,
SH00326,2024-04-07,B,S04,C1,Clothing,0,South,Road,467.5,9.24,16.5,1.53,3.3,31938.25,0,Driver delay
SH00327,2024-04-21,A,S04,C1,Electronics,0,South,Road,412.6,12.64,14.6,1.72,4.3,88893.98,1,
SH00328,2024-04-07,D,S04,C2,Grocery,0,South,Road,473.4,16.4,12.1,,6.2,47880.62,1,Damaged carton
SH00329,2024-03-24,D,S06,C2,Clothing,0,South,Road,512.1,11.26,9.9,1.8,3.3,37464.05,1,
SH00330,2024-05-12,C,S07,C2,Clothing,0,North,Road,228.5,5.81,12.5,1.74,6.5,35557.44,0,nan
SH00331,2024-04-14,B,S06,C4,Electronics,0,South,Rail,498.1,7.3,13.5,,3.2,75373.72,0,
SH00332,2024-01-14,B,S01,C3,Grocery,1,North,Air,268.2,11.89,8.0,1.64,0.5,76047.37,0,nan
SH00333,2024-01-14,B,S12,C3,Clothing,0,North,Air,213.0,5.99,8.0,1.62,5.3,40865.33,0,nan
SH00334,2024-05-12,D,S08,C2,Electronics,0,North,Road,232.8,6.74,9.8,1.68,8.4,65839.82,1,
SH00335,2024-04-28,C,S10,C4,Clothing,1,North,Rail,133.4,6.4,8.0,1.72,4.8,60037.0,0,Damaged carton
SH00336,2024-05-19,A,S11,C4,Clothing,1,North,Rail,197.1,10.45,19.1,1.82,3.4,65455.3,0,
SH00337,2024-03-10,D,S07,C4,Clothing,0,North,Rail,220.2,1.1,11.9,1.76,0.6,42968.23,0,nan
SH00338,2024-02-11,C,S06,C1,Electronics,1,South,Road,389.8,2.1,13.0,1.69,8.1,117904.13,1,Damaged carton
SH00339,2024-04-14,C,S06,C3,Grocery,0,South,Air,402.4,15.0,8.7,1.69,,59155.87,0,
SH00340,2024-03-17,A,S05,C1,Clothing,1,South,Road,410.4,9.84,10.4,,3.9,39078.48,1,
SH00341,2024-02-04,A,S06,C1,Electronics,0,South,Road,386.3,11.16,11.5,1.74,3.5,102371.24,1,
SH00342,2024-01-07,A,S12,C1,Clothing,0,North,Road,208.7,4.94,19.4,,-0.2,46592.88,0,nan
SH00343,2024-02-25,B,S09,C3,Grocery,0,West,Air,391.4,22.68,8.0,1.62,5.9,53666.41,0,Partial delivery
SH00344,2024-03-24,A,S10,C3,Grocery,0,North,Air,223.4,15.37,8.0,1.83,9.3,-1.0,0,nan
SH00345,2024-03-24,C,S09,C1,Frozen,0,West,Road,286.7,16.85,10.4,1.87,3.7,23982.41,1,
SH00346,2024-02-04,A,S10,C2,Clothing,0,North,Road,222.8,6.55,8.0,1.75,9.0,38011.59,1,
SH00347,2024-02-18,C,S08,C2,Frozen,0,North,Road,215.9,11.52,12.6,1.64,4.3,32017.79,0,nan
SH00348,2024-01-28,D,S10,C2,Clothing,1,North,Road,287.9,,10.4,1.69,7.4,43386.0,1,
SH00349,2024-02-11,B,S09,C1,Electronics,0,West,Road,371.7,12.94,15.4,,5.0,79163.03,0,nan
SH00350,2024-03-31,D,S10,C2,Clothing,0,North,Road,284.4,9.44,13.4,1.67,6.0,-1.0,0,
SH00351,2024-05-19,D,S08,C3,Frozen,0,North,Air,260.3,18.87,9.0,1.82,10.2,28269.19,0,
SH00352,2024-04-14,C,S08,C1,Electronics,0,North,Road,145.3,11.44,8.0,1.67,,63768.47,1,Partial delivery
SH00353,2024-01-21,D,S01,C1,Electronics,1,North,Road,300.5,3.56,13.0,1.78,4.7,81258.69,0,nan
SH00354,2024-02-25,C,S10,C2,Grocery,1,North,Road,165.8,26.46,12.7,1.73,0.8,68315.87,0,nan
SH00355,2024-05-19,A,S11,C4,Electronics,0,North,Rail,236.2,11.5,8.0,1.78,3.5,73042.91,1,
SH00356,2024-04-21,A,S05,C3,Clothing,0,South,Air,436.7,10.06,8.0,1.71,6.8,37085.26,0,
SH00357,2024-03-31,C,S04,C3,Grocery,0,South,Air,409.8,16.49,8.0,1.68,8.4,45249.17,1,Partial delivery
SH00358,2024-05-05,A,S02,C2,Grocery,0,North,Road,183.0,22.45,12.0,1.72,6.4,70423.38,0,Partial delivery
SH00359,2024-03-10,B,S08,C3,Grocery,1,North,Air,206.4,13.63,8.0,1.71,,70921.83,0,Driver delay
SH00360,2024-05-12,D,S03,C1,Grocery,0,East,Road,404.4,20.44,18.1,1.65,2.7,55360.58,0,
SH00361,2024-04-28,B,S04,C3,Grocery,0,South,Air,555.6,9.68,8.0,1.78,4.5,44184.38,0,nan
SH00362,2024-05-12,D,S12,C4,Electronics,0,North,Rail,268.5,12.71,13.5,1.71,6.6,86057.01,0,Partial delivery
SH00363,2024-02-04,A,S07,C3,Frozen,0,North,Air,179.6,10.68,10.3,1.77,2.5,28975.26,0,nan
SH00364,2024-03-03,B,S10,C4,Electronics,1,North,Rail,217.6,11.11,8.0,1.68,2.9,91778.18,1,Damaged carton
SH00365,2024-03-24,A,S09,C3,Grocery,0,West,Air,329.6,23.43,8.0,1.86,5.2,64468.19,0,Damaged carton
SH00366,2024-01-07,D,S02,C1,Grocery,0,North,Road,329.5,21.29,8.1,1.72,6.5,54295.94,1,nan
SH00367,2024-01-07,C,S03,C4,Clothing,0,East,Rail,248.4,12.9,11.8,1.75,5.0,43134.03,0,Partial delivery
SH00368,2024-04-14,C,S04,C1,Grocery,0,South,Road,402.4,22.48,10.8,1.64,,42712.0,1,nan
SH00369,2024-01-14,B,S10,C2,Clothing,0,North,Road,202.8,5.9,8.0,1.61,4.2,32378.74,1,nan
SH00370,2024-04-21,A,S01,C1,Clothing,0,North,Road,208.8,10.39,13.3,1.71,7.0,39654.69,0,Partial delivery
SH00371,2024-02-25,A,S07,C1,Clothing,0,North,Road,198.0,1.1,9.2,1.68,,36558.92,1,Damaged carton
SH00372,2024-03-31,B,S02,C2,Grocery,0,North,Road,205.9,15.25,10.0,1.64,4.6,54594.81,0,
SH00373,2024-01-07,C,S05,C1,Clothing,0,South,Road,393.2,13.57,11.9,1.74,5.1,44075.57,1,
SH00374,2024-04-21,D,S01,C2,Grocery,0,North,Road,326.0,16.46,8.5,1.74,5.4,50491.27,1,
SH00375,2024-02-18,B,S03,C3,Frozen,0,East,Air,341.0,,8.0,1.63,2.2,33724.71,0,
SH00376,2024-02-04,D,S12,C1,Electronics,0,North,Road,283.1,18.05,10.7,1.71,7.1,82319.65,1,
SH00377,2024-01-21,C,S02,C1,Grocery,0,North,Road,173.2,20.25,13.3,1.71,0.2,43462.33,0,
SH00378,2024-03-24,A,S01,C3,Grocery,0,North,Air,241.8,21.06,11.6,1.81,8.3,48512.94,0,
SH00379,2024-04-21,C,S07,C2,Grocery,0,North,Road,138.6,14.08,8.0,1.69,6.9,51018.0,1,Damaged carton
SH00380,2024-05-12,B,S05,C3,Clothing,0,South,Air,478.1,,9.2,1.68,4.4,45573.55,0,
SH00381,2024-02-04,A,S01,C3,Grocery,0,North,Air,194.9,19.03,8.0,1.71,4.3,51687.13,0,
SH00382,2024-04-07,B,S06,C4,Electronics,0,South,Rail,438.4,6.71,24.3,1.59,4.7,73142.59,0,Partial delivery
SH00383,2024-02-04,B,S05,C3,Grocery,0,South,Air,462.5,17.32,8.0,1.74,5.8,57246.28,0,Damaged carton
SH00384,2024-04-14,C,S03,C2,Clothing,0,East,Road,301.4,2.0,15.2,1.71,,42284.54,0,Damaged carton
SH00385,2024-04-28,B,S12,C3,Clothing,0,North,Air,262.8,6.61,8.0,1.75,7.0,49274.04,0,Partial delivery
SH00386,2024-04-07,C,S07,C1,Clothing,0,North,Road,198.1,11.9,10.0,1.53,7.1,40523.66,1,nan
SH00387,2024-05-19,A,S11,C2,Clothing,0,North,Road,182.3,5.01,15.5,1.79,6.2,33776.03,0,Damaged carton
SH00388,2024-02-04,C,S10,C3,Grocery,1,North,Air,156.0,25.63,8.0,1.72,7.8,76475.55,0,Partial delivery
SH00389,2024-03-24,A,S09,C2,Grocery,0,West,Road,296.4,12.26,20.2,1.79,7.7,45674.08,0,nan
SH00390,2024-04-21,C,S09,C3,Clothing,0,West,Air,348.0,,8.0,1.68,4.9,41772.54,1,nan
SH00391,2024-04-21,D,S09,C4,Grocery,0,West,Rail,462.9,15.37,20.5,1.68,7.5,51392.88,0,Damaged carton
SH00392,2024-02-18,D,S02,C4,Electronics,0,North,Rail,312.5,9.28,14.4,1.71,6.0,80547.55,0,Partial delivery
SH00393,2024-01-28,B,S03,C4,Grocery,0,East,Rail,388.1,23.49,16.5,1.7,3.6,48726.35,0,
SH00394,2024-01-07,C,S07,C2,Grocery,0,North,Road,182.7,14.06,8.0,1.76,3.0,37608.92,1,Partial delivery
SH00395,2024-02-04,C,S05,C2,Grocery,1,South,Road,466.7,16.19,13.6,1.72,6.7,55229.49,1,nan
SH00396,2024-03-10,A,S02,C3,Frozen,0,North,Air,194.0,17.62,11.1,1.7,5.0,35049.6,0,Damaged carton
SH00397,2024-02-04,B,S03,C2,Grocery,1,East,Road,287.0,18.37,8.8,1.71,4.7,69180.81,1,nan
SH00398,2024-01-28,C,S10,C3,Electronics,0,North,Air,195.8,10.7,8.0,1.68,6.9,102911.56,1,Damaged carton
SH00399,2024-01-14,B,S06,C3,Grocery,0,South,Air,435.9,14.14,8.0,1.62,8.8,42217.21,0,nan
SH00400,2024-05-19,D,S07,C3,Clothing,0,North,Air,285.1,7.71,8.0,1.79,5.4,39816.06,0,Partial delivery
SH00401,2024-03-10,C,S09,C2,Grocery,0,West,Road,348.7,22.53,17.8,1.72,4.5,58723.95,0,
SH00402,2024-05-12,C,S01,C1,Frozen,0,North,Road,179.7,8.56,8.0,1.68,6.5,27453.79,1,Partial delivery
SH00403,2024-01-07,B,S11,C2,Frozen,0,North,Road,308.3,12.21,13.5,1.73,3.8,27815.85,0,
SH00404,2024-02-04,C,S07,C1,Grocery,0,North,Road,111.0,10.74,9.7,1.76,5.0,47799.95,1,
SH00405,2024-03-31,B,S08,C4,Frozen,1,North,Rail,237.5,17.15,10.0,1.72,4.4,36394.72,1,nan
SH00406,2024-01-28,C,S12,C2,Frozen,1,North,Road,170.5,19.9,9.0,1.68,1.5,42111.01,1,
SH00407,2024-04-21,A,S03,C1,Clothing,0,East,Road,259.7,7.27,8.8,1.75,9.4,29318.74,1,Driver delay
SH00408,2024-04-21,B,S04,C1,Clothing,0,South,Road,455.4,3.98,11.7,1.71,7.1,49856.36,1,
SH00409,2024-01-14,C,S10,C3,Grocery,0,North,Air,144.6,14.1,11.0,1.57,,42802.53,0,
SH00410,2024-04-28,D,S06,C3,Electronics,0,South,Air,497.0,8.81,8.0,1.79,6.9,54593.94,0,nan
SH00411,2024-05-19,C,S10,C2,Grocery,0,North,Road,166.8,16.8,17.3,1.86,10.1,49923.2,0,
SH00412,2024-03-24,D,S07,C1,Grocery,0,North,Road,261.9,21.65,11.0,1.82,3.7,47169.49,0,Partial delivery
SH00413,2024-05-05,D,S04,C2,Frozen,0,South,Road,539.5,12.32,12.5,1.72,6.6,29199.09,1,Partial delivery
SH00414,2024-01-21,A,S08,C2,Grocery,0,North,Road,219.5,19.74,13.9,1.72,1.1,52344.32,0,Partial delivery
SH00415,2024-01-07,B,S05,C3,Clothing,1,South,Air,507.5,6.78,8.3,1.71,3.4,57029.76,0,nan
SH00416,2024-01-07,C,S01,C3,Clothing,0,North,Air,157.7,5.02,8.0,1.76,4.9,50119.91,0,Partial delivery
SH00417,2024-05-12,A,S04,C2,Frozen,1,South,Road,458.5,13.68,10.2,1.68,4.1,34962.68,1,Damaged carton
SH00418,2024-03-17,C,S03,C1,Frozen,0,East,Road,301.1,16.35,12.0,1.79,4.8,33484.31,1,nan
SH00419,2024-02-04,D,S09,C4,Grocery,0,West,Rail,443.4,21.66,9.8,1.74,5.8,55317.02,1,
SH00420,2024-03-24,B,S08,C2,Grocery,0,North,Road,295.8,16.99,18.7,1.79,,30194.11,0,Damaged carton
SH00421,2024-01-21,C,S01,C3,Electronics,0,North,Air,199.5,,10.6,1.71,1.6,70001.67,0,nan
SH00422,2024-01-07,C,S11,C1,Grocery,0,North,Road,221.6,22.0,11.0,1.7,4.4,40347.65,1,Partial delivery
SH00423,2024-01-07,D,S06,C2,Grocery,0,South,Road,455.2,14.41,11.9,1.74,4.7,53359.2,1,nan
SH00424,2024-02-25,C,S09,C1,Grocery,0,West,Road,322.9,19.04,10.5,1.64,4.9,52533.69,1,Partial delivery
SH00425,2024-03-10,C,S07,C2,Clothing,0,North,Road,160.3,,8.0,1.72,7.2,42147.57,1,nan
SH00426,2024-03-17,D,S04,C4,Electronics,0,South,Rail,526.3,9.37,11.2,1.78,,76332.89,0,nan
SH00427,2024-03-24,A,S01,C2,Grocery,0,North,Road,175.9,16.05,16.8,1.77,6.1,48464.33,0,
SH00428,2024-03-31,D,S12,C1,Clothing,0,North,Road,291.9,10.48,16.6,1.71,3.1,39828.52,0,
SH00429,2024-03-24,A,S02,C1,Grocery,0,North,Road,145.7,3.67,8.0,1.74,2.1,46991.65,1,Damaged carton
SH00430,2024-04-07,B,S12,C2,Grocery,0,North,Road,252.1,22.55,13.2,1.57,7.1,55828.87,0,Driver delay
SH00431,2024-01-14,A,S05,C1,Clothing,0,South,Road,426.8,4.35,15.8,1.58,,33582.02,0,
SH00432,2024-05-12,A,S12,C1,Electronics,1,North,Road,185.0,11.63,11.9,1.65,5.4,91803.7,0,
SH00433,2024-05-05,B,S11,C3,Clothing,0,North,Air,253.2,,8.0,,4.0,40727.92,0,
SH00434,2024-01-21,A,S05,C2,Grocery,0,South,Road,452.4,23.1,8.0,1.74,5.6,47240.53,1,nan
SH00435,2024-04-28,D,S08,C1,Clothing,0,North,Road,311.6,8.79,15.4,1.77,3.0,-1.0,0,Partial delivery
SH00436,2024-02-25,A,S06,C4,Electronics,0,South,Rail,420.9,6.68,8.6,1.64,,-1.0,1,Damaged carton
SH00437,2024-03-10,B,S08,C1,Electronics,0,North,Road,237.6,3.58,8.7,1.73,,-1.0,1,
SH00438,2024-01-14,D,S02,C4,Electronics,0,North,Rail,306.7,8.6,11.2,1.6,0.9,69863.35,0,
SH00439,2024-05-12,B,S03,C2,Frozen,0,East,Road,350.8,,9.5,1.65,6.6,29215.29,1,
SH00440,2024-03-03,B,S06,C4,Electronics,0,South,Rail,502.8,7.49,18.8,1.7,10.1,69281.01,1,
SH00441,2024-02-18,C,S12,C3,Electronics,0,North,Air,203.2,,8.0,1.68,6.9,79589.82,1,nan
SH00442,2024-01-28,C,S10,C4,Frozen,0,North,Rail,157.8,12.24,12.5,,2.4,28381.36,0,nan
SH00443,2024-05-05,B,S03,C4,Clothing,0,East,Rail,321.5,8.17,13.6,1.77,7.6,36924.52,1,
SH00444,2024-03-31,B,S06,C1,Electronics,1,South,Road,507.3,9.06,22.6,1.66,2.6,96101.2,0,
SH00445,2024-03-17,B,S06,C4,Clothing,0,South,Rail,485.5,6.69,11.6,1.78,2.4,45973.69,1,
SH00446,2024-01-28,C,S02,C2,Grocery,0,North,Road,203.7,8.3,10.8,1.71,3.9,52769.13,1,Damaged carton
SH00447,2024-01-28,C,S07,C2,Grocery,0,North,Road,181.1,12.82,12.0,1.65,5.2,37181.03,0,
SH00448,2024-03-10,A,S12,C2,Electronics,0,North,Road,181.3,12.57,8.3,1.8,6.6,90595.83,1,
SH00449,2024-02-04,A,S02,C2,Frozen,1,North,Road,210.2,18.22,8.0,1.73,5.9,42021.86,1,
SH00450,2024-03-03,B,S06,C1,Frozen,0,South,Road,462.9,7.64,18.4,1.72,5.8,32058.82,0,Driver delay
SH00451,2024-01-21,D,S01,C3,Grocery,1,North,Air,308.4,14.74,8.0,1.73,0.7,73657.13,0,Driver delay
SH00452,2024-04-28,D,S03,C2,Electronics,1,East,Road,338.1,14.29,8.0,1.75,5.9,104234.47,1,Partial delivery
SH00453,2024-01-21,C,S02,C3,Grocery,0,North,Air,206.7,15.13,9.1,1.76,5.9,54650.63,0,
SH00454,2024-04-21,C,S07,C4,Frozen,0,North,Rail,179.6,14.55,18.3,1.74,6.8,27909.88,0,nan
SH00455,2024-01-28,C,S04,C2,Frozen,0,South,Road,415.1,20.77,14.4,1.68,4.4,-1.0,1,nan
SH00456,2024-05-05,B,S08,C2,Electronics,1,North,Road,262.9,8.55,9.8,1.74,6.8,107402.57,1,
SH00457,2024-04-28,D,S06,C1,Clothing,0,South,Road,545.3,5.98,21.2,1.75,6.7,31738.23,0,
SH00458,2024-02-18,A,S12,C1,Clothing,0,North,Road,239.9,7.37,8.0,1.66,0.6,46218.31,1,Damaged carton
SH00459,2024-02-04,B,S10,C1,Electronics,0,North,Road,279.6,17.41,17.0,1.73,6.5,78453.14,0,
SH00460,2024-03-24,A,S04,C2,Grocery,0,South,Road,460.6,19.78,18.3,1.81,5.1,47989.08,0,Damaged carton
SH00461,2024-04-28,A,S05,C1,Electronics,0,South,Road,423.8,10.08,10.0,1.8,7.4,74687.99,1,Partial delivery
SH00462,2024-03-31,B,S09,C4,Clothing,0,West,Rail,373.8,5.9,11.7,1.67,0.8,37783.82,1,Damaged carton
SH00463,2024-01-21,A,S07,C3,Clothing,1,North,Air,197.9,10.16,8.0,1.77,7.3,53791.16,0,
SH00464,2024-03-03,D,S10,C2,Grocery,1,North,Road,312.5,20.64,8.0,1.66,,55371.1,1,Damaged carton
SH00465,2024-04-28,A,S09,C3,Frozen,1,West,Air,336.3,10.71,8.0,1.71,11.1,29823.62,0,nan
SH00466,2024-04-28,D,S07,C1,Grocery,0,North,Road,268.8,20.75,8.0,1.84,10.3,42016.51,1,
SH00467,2024-05-19,D,S12,C2,Electronics,0,North,Road,335.5,9.4,12.3,1.81,3.8,84580.61,0,Partial delivery
SH00468,2024-04-21,D,S01,C3,Clothing,0,North,Air,276.9,8.1,8.0,1.73,7.5,39028.37,0,
SH00469,2024-03-31,C,S12,C2,Clothing,0,North,Road,151.0,4.46,13.4,1.7,3.4,46679.16,0,
SH00470,2024-05-12,A,S08,C2,Electronics,0,North,Road,223.3,,13.0,,5.1,79221.05,0,Partial delivery
SH00471,2024-04-28,B,S04,C4,Grocery,0,South,Rail,488.3,13.88,14.4,1.75,4.8,56318.85,1,
SH00472,2024-01-28,B,S03,C4,Grocery,0,East,Rail,298.3,13.69,13.9,1.71,5.0,44803.89,0,
SH00473,2024-03-24,A,S07,C3,Electronics,1,North,Air,231.2,11.51,8.0,1.77,5.9,97211.78,0,
SH00474,2024-03-03,C,S12,C3,Electronics,0,North,Air,147.6,8.58,13.2,1.71,2.4,80114.29,0,Partial delivery
SH00475,2024-05-12,C,S03,C3,Grocery,0,East,Air,271.3,12.8,8.0,1.67,7.2,48897.67,1,Driver delay
SH00476,2024-03-24,D,S08,C1,Clothing,0,North,Road,278.0,16.71,9.4,1.82,4.9,38557.81,1,
SH00477,2024-03-03,A,S06,C2,Electronics,0,South,Road,456.9,5.5,11.7,1.63,1.2,69534.63,1,Partial delivery
SH00478,2024-02-18,A,S05,C1,Clothing,0,South,Road,384.3,12.37,13.2,1.67,3.7,30486.63,1,
SH00479,2024-04-07,B,S04,C2,Clothing,1,South,Road,479.9,,15.9,1.46,8.9,56921.93,0,Partial delivery
SH00480,2024-05-19,A,S08,C2,Grocery,1,North,Road,233.7,19.83,8.0,1.78,5.7,70062.79,1,Damaged carton
SH00481,2024-05-12,C,S08,C1,Grocery,1,North,Road,208.0,17.0,9.3,1.63,2.7,59014.78,1,Partial delivery
SH00482,2024-04-14,A,S12,C4,Clothing,1,North,Rail,170.3,5.48,14.1,1.7,7.4,54955.29,0,nan
SH00483,2024-04-21,B,S01,C4,Electronics,0,North,Rail,267.6,10.79,17.1,1.71,4.0,78002.65,0,nan
SH00484,2024-02-04,D,S09,C3,Clothing,0,West,Air,407.2,8.25,8.0,1.72,4.7,46637.03,0,
SH00485,2024-01-21,B,S05,C2,Clothing,0,South,Road,478.8,4.75,13.2,1.77,3.6,32126.44,1,nan
SH00486,2024-03-24,B,S04,C4,Clothing,0,South,Rail,480.3,4.57,16.1,1.77,,39239.64,0,
SH00487,2024-05-19,D,S06,C1,Frozen,0,South,Road,533.3,8.7,16.9,1.7,6.1,29070.54,0,nan
SH00488,2024-01-28,B,S06,C3,Electronics,0,South,Air,520.0,11.22,8.0,1.71,1.8,81933.39,0,
SH00489,2024-04-21,B,S02,C1,Electronics,0,North,Road,247.9,4.98,8.0,1.66,4.9,98445.65,1,
SH00490,2024-02-18,A,S08,C3,Electronics,0,North,Air,196.2,10.02,8.6,1.62,2.1,78515.39,0,
SH00491,2024-03-31,A,S07,C1,Grocery,0,North,Road,229.0,20.37,8.0,1.66,5.0,55573.49,1,
SH00492,2024-03-10,D,S01,C4,Electronics,0,North,Rail,255.9,10.83,8.0,1.7,8.5,78226.2,1,Driver delay
SH00493,2024-02-18,A,S05,C4,Grocery,0,South,Rail,447.7,15.11,10.5,1.64,7.0,58031.85,1,nan
SH00494,2024-04-07,A,S12,C1,Frozen,0,North,Road,229.9,18.64,9.3,1.49,9.7,33387.82,1,Partial delivery
SH00495,2024-02-04,B,S06,C2,Electronics,0,South,Road,505.9,,10.1,,5.2,76000.22,1,Driver delay
SH00496,2024-01-21,C,S04,C4,Electronics,0,South,Rail,406.0,4.66,8.0,1.69,4.2,75136.39,1,Driver delay
SH00497,2024-03-17,A,S02,C2,Grocery,0,North,Road,154.6,16.87,8.0,1.74,3.1,53652.2,1,
SH00498,2024-03-17,C,S04,C4,Grocery,0,South,Rail,429.3,20.35,15.8,1.77,5.7,45084.45,1,
SH00499,2024-05-05,A,S01,C3,Grocery,0,North,Air,152.6,15.3,8.0,1.74,5.9,51429.74,0,
SH00500,2024-04-14,A,S07,C2,Electronics,0,North,Road,193.6,13.51,8.0,1.68,7.3,75730.44,1,
SH00501,2024-03-24,D,S02,C1,Grocery,0,North,Road,315.4,14.92,18.1,1.77,3.0,52760.77,0,
SH00502,2024-03-03,D,S02,C1,Electronics,0,North,Road,297.9,7.46,12.5,1.68,,78067.79,0,
SH00503,2024-03-10,D,S09,C3,Frozen,0,West,Air,369.3,10.82,8.0,1.72,1.8,26883.38,0,
SH00504,2024-03-24,C,S05,C2,Frozen,0,South,Road,426.0,17.73,14.5,1.81,6.0,34973.88,1,
SH00505,2024-04-28,B,S02,C2,Clothing,0,North,Road,230.4,,14.8,1.69,7.4,41437.34,0,nan
SH00506,2024-02-11,A,S11,C2,Grocery,0,North,Road,161.8,14.08,12.8,1.68,1.1,49598.11,0,
SH00507,2024-02-18,A,S09,C3,Frozen,0,West,Air,360.1,13.42,8.0,1.65,1.9,31889.95,0,Damaged carton
SH00508,2024-04-07,A,S09,C4,Frozen,0,West,Rail,335.2,2.72,10.5,1.6,3.0,22479.66,1,Partial delivery
SH00509,2024-03-31,C,S01,C4,Grocery,0,North,Rail,155.4,21.11,8.0,1.72,5.1,65676.39,1,Damaged carton
SH00510,2024-02-25,D,S11,C2,Clothing,0,North,Road,283.7,7.32,8.4,1.7,1.9,40148.13,1,
SH00511,2024-03-10,B,S03,C4,Grocery,0,East,Rail,321.2,8.38,10.6,1.74,,35276.2,1,
SH00512,2024-03-03,C,S04,C3,Clothing,0,South,Air,422.9,,8.0,1.66,5.7,47182.57,1,
SH00513,2024-05-05,D,S07,C3,Frozen,0,North,Air,262.2,13.31,8.4,1.75,7.4,26618.75,0,
SH00514,2024-01-14,C,S10,C4,Grocery,0,North,Rail,153.8,12.74,14.5,1.61,,57827.85,0,
SH00515,2024-02-04,B,S04,C1,Frozen,0,South,Road,519.8,18.17,13.1,1.78,6.8,30547.05,1,Partial delivery
SH00516,2024-02-04,D,S02,C1,Electronics,0,North,Road,312.8,11.67,8.0,1.75,5.5,61155.02,1,Partial delivery
SH00517,2024-02-11,C,S07,C4,Frozen,0,North,Rail,118.7,16.44,8.0,1.67,3.0,31175.68,0,Damaged carton
SH00518,2024-05-12,B,S06,C2,Electronics,0,South,Road,512.4,,12.2,1.7,3.2,82252.51,1,Damaged carton
SH00519,2024-02-25,A,S03,C4,Clothing,0,East,Rail,342.0,5.9,9.6,1.65,,46910.63,1,
SH00520,2024-04-21,B,S06,C4,Grocery,1,South,Rail,536.7,15.21,23.0,1.68,4.9,70091.1,0,nan
SH00521,2024-03-31,A,S11,C1,Grocery,0,North,Road,215.6,14.18,8.0,1.65,4.6,40704.41,1,
SH00522,2024-01-07,C,S06,C4,Grocery,0,South,Rail,388.3,16.34,19.2,1.75,2.2,57517.02,0,Driver delay
SH00523,2024-05-19,D,S12,C2,Frozen,0,North,Road,298.9,10.5,8.0,1.76,7.9,28136.71,1,Driver delay
SH00524,2024-04-28,D,S05,C2,Clothing,0,South,Road,503.9,,16.8,1.72,0.8,50321.59,0,Damaged carton
SH00525,2024-02-18,C,S04,C3,Frozen,0,South,Air,409.7,18.07,8.0,1.67,7.4,28403.49,1,
SH00526,2024-03-31,D,S10,C4,Frozen,0,North,Rail,291.5,17.72,18.3,1.67,7.4,-1.0,0,Damaged carton
SH00527,2024-01-28,D,S12,C1,Grocery,0,North,Road,255.9,17.45,8.0,1.68,4.5,43835.6,1,
SH00528,2024-01-28,A,S01,C2,Grocery,1,North,Road,165.6,26.0,8.0,,3.8,60138.67,1,
SH00529,2024-02-11,C,S10,C3,Grocery,0,North,Air,184.0,22.56,8.0,1.59,6.5,44277.94,1,
SH00530,2024-05-12,B,S06,C3,Grocery,0,South,Air,546.0,17.59,8.0,,6.2,58823.37,0,
SH00531,2024-03-24,A,S02,C3,Grocery,1,North,Air,237.3,16.07,8.0,1.84,4.7,52017.79,0,Damaged carton
SH00532,2024-02-18,C,S03,C1,Electronics,0,East,Road,291.2,15.35,11.0,1.63,6.8,89654.96,1,nan
SH00533,2024-03-10,A,S08,C1,Grocery,1,North,Road,229.4,22.03,8.8,1.68,9.2,73079.44,1,
SH00534,2024-05-12,B,S10,C2,Grocery,0,North,Road,259.1,12.36,8.0,1.65,4.4,60331.61,1,nan
SH00535,2024-02-18,B,S06,C4,Grocery,1,South,Rail,503.5,22.34,21.6,1.66,5.4,65426.67,0,nan
SH00536,2024-01-21,C,S03,C1,Grocery,0,East,Road,297.0,17.38,23.8,1.74,1.8,42299.8,0,nan
SH00537,2024-03-31,B,S07,C1,Frozen,0,North,Road,198.9,11.56,9.8,1.67,6.4,29227.09,0,nan
SH00538,2024-03-31,A,S04,C4,Clothing,1,South,Rail,456.0,0.5,12.9,1.66,3.9,56638.65,1,
SH00539,2024-05-05,B,S09,C1,Frozen,0,West,Road,387.6,13.92,8.0,,8.6,30381.28,1,
SH00540,2024-05-19,A,S05,C4,Electronics,0,South,Rail,452.4,9.95,19.8,1.8,6.3,84400.73,0,Partial delivery
SH00541,2024-02-25,A,S03,C3,Grocery,0,East,Air,286.2,24.35,8.0,,,60239.65,0,Partial delivery
SH00542,2024-03-03,B,S02,C4,Clothing,0,North,Rail,255.6,11.83,10.3,1.72,8.1,43492.02,1,nan
SH00543,2024-02-18,C,S11,C1,Grocery,0,North,Road,145.5,15.67,12.7,1.62,3.1,51488.31,0,nan
SH00544,2024-01-07,D,S02,C1,Grocery,0,North,Road,264.0,19.56,8.0,1.76,5.0,36167.29,1,Damaged carton
SH00545,2024-01-21,B,S03,C3,Grocery,0,East,Air,320.4,21.3,8.6,1.73,2.7,44121.12,0,
SH00546,2024-03-31,A,S02,C4,Grocery,0,North,Rail,225.9,18.34,12.6,1.68,7.8,46964.94,1,
SH00547,2024-04-28,A,S04,C3,Grocery,0,South,Air,449.6,15.65,8.0,1.77,9.6,35171.65,0,
SH00548,2024-01-07,B,S02,C1,Grocery,0,North,Road,226.2,15.87,8.0,1.7,3.1,41680.49,1,Damaged carton
SH00549,2024-02-11,C,S10,C3,Clothing,0,North,Air,158.8,9.54,8.0,1.6,-0.0,38389.28,0,Partial delivery
SH00550,2024-02-11,C,S09,C3,Grocery,0,West,Air,320.1,19.65,13.2,1.68,3.0,49207.11,0,nan
SH00551,2024-03-24,A,S02,C3,Grocery,0,North,Air,248.7,16.83,8.0,,10.1,53793.58,0,Damaged carton
SH00552,2024-03-31,A,S09,C3,Clothing,0,West,Air,312.9,0.5,8.0,1.67,4.2,38768.24,0,nan
SH00553,2024-03-31,C,S06,C4,Grocery,0,South,Rail,440.3,12.84,18.8,1.7,9.0,51860.3,1,Partial delivery
SH00554,2024-04-14,D,S01,C3,Grocery,0,North,Air,294.2,20.48,12.8,1.7,4.5,46866.58,0,nan
SH00555,2024-04-21,B,S04,C1,Frozen,0,South,Road,463.5,6.48,15.2,1.66,4.6,30189.06,0,
SH00556,2024-03-17,A,S01,C2,Grocery,1,North,Road,244.0,22.74,12.6,1.74,6.7,69396.98,0,nan
SH00557,2024-02-04,A,S06,C1,Grocery,0,South,Road,466.2,22.14,19.4,1.67,5.5,61044.73,0,Partial delivery
SH00558,2024-01-28,C,S04,C2,Electronics,0,South,Road,404.8,10.16,16.3,1.69,5.8,73824.29,0,
SH00559,2024-01-21,B,S03,C2,Grocery,0,East,Road,284.2,20.39,8.0,1.72,3.9,51081.36,1,
SH00560,2024-05-12,C,S03,C1,Electronics,0,East,Road,276.9,12.12,8.0,1.69,8.4,90429.53,1,nan
SH00561,2024-05-19,B,S09,C2,Clothing,1,West,Road,388.7,7.53,8.4,1.76,8.4,40771.17,1,
SH00562,2024-05-05,B,S06,C1,Grocery,0,South,Road,459.1,12.5,8.9,1.71,8.5,64983.7,1,Damaged carton
SH00563,2024-04-14,B,S09,C4,Electronics,0,West,Rail,358.7,13.87,16.6,1.58,4.5,-1.0,0,
SH00564,2024-03-03,A,S05,C4,Electronics,1,South,Rail,476.1,15.63,21.1,1.7,6.9,77300.78,0,Partial delivery
SH00565,2024-04-28,D,S02,C1,Grocery,0,North,Road,221.3,13.17,9.7,1.74,5.0,52785.36,1,nan
SH00566,2024-04-07,C,S08,C4,Electronics,0,North,Rail,179.4,4.35,8.0,1.53,5.3,73226.56,1,
SH00567,2024-04-14,D,S05,C2,Grocery,0,South,Road,524.4,17.45,21.7,1.64,5.4,47019.89,0,Damaged carton
SH00568,2024-01-07,C,S02,C1,Electronics,0,North,Road,184.9,7.5,8.7,1.73,1.6,84206.02,1,nan
SH00569,2024-01-21,B,S04,C1,Grocery,1,South,Road,481.2,18.58,16.2,1.78,0.5,75241.4,0,Driver delay
SH00570,2024-04-21,A,S09,C2,Electronics,1,West,Road,358.8,14.83,12.7,1.7,8.3,96732.38,1,nan
SH00571,2024-03-17,D,S04,C3,Grocery,0,South,Air,507.7,9.02,8.0,1.76,,46606.64,0,Damaged carton
SH00572,2024-03-24,A,S12,C3,Clothing,0,North,Air,198.5,14.33,8.6,1.77,4.7,42233.0,0,
SH00573,2024-03-10,C,S12,C1,Grocery,1,North,Road,184.7,16.37,8.0,1.74,3.5,70576.57,1,Damaged carton
SH00574,2024-04-21,A,S12,C1,Electronics,0,North,Road,204.5,12.05,14.9,1.66,5.4,67914.42,0,Driver delay
SH00575,2024-02-25,A,S04,C2,Electronics,0,South,Road,461.4,12.47,8.1,1.7,,100684.07,1,
SH00576,2024-02-11,D,S02,C1,Clothing,1,North,Road,252.2,10.94,8.0,1.66,6.9,46982.15,1,
SH00577,2024-03-24,B,S12,C1,Electronics,0,North,Road,222.3,10.25,14.2,1.76,,91576.09,0,
SH00578,2024-02-25,A,S06,C1,Clothing,0,South,Road,432.8,9.18,16.2,1.66,,42710.23,0,Damaged carton
SH00579,2024-01-28,B,S11,C4,Clothing,0,North,Rail,231.7,9.16,21.0,1.69,6.4,43637.94,0,nan
SH00580,2024-02-25,C,S02,C4,Frozen,1,North,Rail,210.8,12.48,12.5,1.71,3.7,35349.88,1,
SH00581,2024-05-05,A,S12,C2,Grocery,0,North,Road,189.4,10.97,16.2,,6.8,37071.12,0,Partial delivery
SH00582,2024-02-04,D,S07,C4,Electronics,0,North,Rail,245.7,5.12,8.0,1.74,5.3,79743.18,1,nan
SH00583,2024-03-03,C,S03,C2,Clothing,0,East,Road,286.2,7.58,8.0,1.64,6.5,39896.32,1,
SH00584,2024-01-28,C,S03,C2,Frozen,0,East,Road,310.4,11.85,16.2,1.7,6.0,25688.9,0,Partial delivery
SH00585,2024-04-28,D,S05,C1,Frozen,0,South,Road,492.2,11.86,8.0,1.79,6.4,34130.74,1,nan
SH00586,2024-03-03,A,S03,C3,Grocery,0,East,Air,359.2,25.2,8.0,1.63,2.9,49613.53,0,nan
SH00587,2024-01-07,A,S02,C4,Grocery,0,North,Rail,212.5,21.44,16.0,1.69,4.9,43931.96,0,
SH00588,2024-05-19,C,S10,C3,Electronics,0,North,Air,201.0,8.99,9.3,1.81,6.0,87020.86,0,
SH00589,2024-03-31,A,S09,C2,Clothing,1,West,Road,394.0,10.69,13.2,1.68,-0.1,56770.64,1,
SH00590,2024-04-21,B,S02,C3,Electronics,0,North,Air,269.2,,8.0,1.69,6.7,71403.82,0,Driver delay
SH00591,2024-03-31,D,S11,C1,Electronics,1,North,Road,276.7,10.44,10.8,1.69,4.0,123240.91,1,Driver delay
SH00592,2024-04-07,B,S02,C4,Clothing,0,North,Rail,276.5,9.77,14.2,1.56,4.7,53459.46,0,Partial delivery
SH00593,2024-01-21,A,S08,C2,Grocery,0,North,Road,207.6,16.33,8.0,1.73,3.9,41824.77,1,
SH00594,2024-02-11,C,S09,C2,Frozen,0,West,Road,352.7,12.26,14.9,1.65,1.3,29173.38,0,
SH00595,2024-05-05,D,S07,C3,Electronics,0,North,Air,316.0,14.9,9.8,1.74,6.5,84044.12,0,Partial delivery
SH00596,2024-05-12,A,S03,C3,Grocery,1,East,Air,267.3,20.46,8.0,1.67,5.7,87232.54,0,Damaged carton
SH00597,2024-02-04,A,S09,C1,Electronics,0,West,Road,373.8,0.98,13.1,1.77,2.5,71194.67,1,Driver delay
SH00598,2024-04-14,C,S03,C3,Clothing,0,East,Air,264.5,,9.4,1.74,,34362.49,0,Damaged carton
SH00599,2024-01-14,C,S05,C1,Grocery,0,South,Road,424.1,14.87,16.9,1.59,,42901.86,0,
SH00600,2024-03-10,B,S09,C3,Grocery,0,West,Air,393.8,15.52,9.2,1.7,,59160.68,0,
SH00601,2024-05-05,D,S12,C4,Frozen,0,North,Rail,282.6,18.45,8.0,1.73,7.1,26814.76,1,
SH00602,2024-03-31,D,S03,C4,Grocery,0,East,Rail,425.7,18.08,13.5,1.64,6.0,43623.99,1,
SH00603,2024-02-04,C,S07,C3,Electronics,0,North,Air,129.0,,8.0,,5.8,82771.61,0,
SH00604,2024-01-07,B,S12,C2,Electronics,0,North,Road,188.3,,8.0,1.66,6.0,83698.66,1,
SH00605,2024-01-07,D,S01,C1,Electronics,0,North,Road,222.0,12.17,8.0,1.71,3.5,92852.25,1,
SH00606,2024-05-05,C,S04,C3,Electronics,0,South,Air,452.1,,8.0,1.72,8.4,81103.11,1,
SH00607,2024-04-14,A,S04,C1,Grocery,0,South,Road,426.8,15.42,18.5,1.66,5.6,51866.99,0,Driver delay
SH00608,2024-04-28,D,S07,C2,Electronics,0,North,Road,284.0,11.32,8.0,1.78,4.6,78736.75,1,
SH00609,2024-03-17,B,S08,C1,Grocery,0,North,Road,236.6,24.47,15.6,1.78,4.3,-1.0,0,Partial delivery
SH00610,2024-04-28,B,S01,C1,Clothing,0,North,Road,213.4,9.85,11.8,,6.6,-1.0,0,Driver delay
SH00611,2024-03-31,B,S05,C3,Grocery,0,South,Air,515.5,23.2,8.0,1.68,7.6,50471.25,0,Partial delivery
SH00612,2024-01-07,A,S07,C1,Electronics,0,North,Road,196.2,7.69,12.0,1.76,3.6,74674.12,0,nan
SH00613,2024-01-14,D,S12,C3,Grocery,1,North,Air,272.9,17.97,8.0,1.63,2.4,49746.57,0,
SH00614,2024-03-03,D,S04,C2,Grocery,0,South,Road,537.0,17.89,10.4,1.69,,41487.57,1,Driver delay
SH00615,2024-01-21,A,S04,C1,Grocery,0,South,Road,471.6,18.47,14.5,1.72,1.1,49704.64,1,nan
SH00616,2024-01-07,D,S04,C2,Grocery,1,South,Road,501.2,19.76,10.2,1.65,2.3,74094.34,1,nan
SH00617,2024-04-21,A,S12,C1,Clothing,1,North,Road,226.2,4.32,12.7,1.73,7.7,65121.82,0,
SH00618,2024-02-11,A,S06,C1,Grocery,0,South,Road,493.5,20.59,12.1,,7.9,48621.27,1,
SH00619,2024-04-28,A,S07,C3,Frozen,1,North,Air,157.2,8.49,8.0,1.69,7.0,34806.29,0,
SH00620,2024-02-04,B,S02,C1,Frozen,0,North,Road,248.3,9.66,9.0,1.74,4.7,28323.71,1,Partial delivery
SH00621,2024-02-04,D,S05,C4,Electronics,0,South,Rail,520.9,18.54,18.5,1.77,3.6,67443.02,0,Driver delay
SH00622,2024-02-11,A,S04,C1,Grocery,0,South,Road,471.0,15.96,21.2,1.65,5.5,55908.09,0,
SH00623,2024-01-21,D,S03,C1,Grocery,0,East,Road,343.5,20.92,10.3,1.77,4.2,66032.09,1,Damaged carton
SH00624,2024-02-04,B,S07,C3,Clothing,0,North,Air,288.9,14.79,10.4,1.74,2.7,35844.79,0,Partial delivery
SH00625,2024-02-04,A,S11,C2,Grocery,0,North,Road,151.8,8.74,10.7,1.72,3.6,41059.69,0,Damaged carton
SH00626,2024-03-10,C,S12,C1,Grocery,0,North,Road,162.7,22.5,15.6,1.78,3.2,57548.62,0,nan
SH00627,2024-03-10,B,S06,C2,Electronics,1,South,Road,503.0,12.6,12.8,1.71,,108961.6,1,Driver delay
SH00628,2024-05-12,C,S07,C1,Clothing,1,North,Road,149.4,14.56,12.5,1.66,6.7,54612.45,0,
SH00629,2024-04-28,D,S05,C4,Clothing,0,South,Rail,504.7,3.27,17.4,,9.3,49529.04,0,Partial delivery
SH00630,2024-04-07,D,S06,C2,Grocery,1,South,Road,536.7,23.81,8.0,1.5,4.4,-1.0,1,
SH00631,2024-03-03,B,S05,C3,Clothing,1,South,Air,492.3,5.04,8.0,1.68,4.5,41123.55,0,Partial delivery
SH00632,2024-04-07,D,S07,C4,Grocery,0,North,Rail,280.2,22.22,14.3,,8.1,48787.14,0,nan
SH00633,2024-01-07,C,S02,C2,Grocery,0,North,Road,195.8,17.86,12.6,1.73,7.2,50475.53,0,nan
SH00634,2024-05-12,A,S11,C4,Frozen,0,North,Rail,188.2,18.08,8.0,1.63,7.3,28402.73,1,Damaged carton
SH00635,2024-03-31,A,S05,C2,Grocery,1,South,Road,459.6,18.2,15.2,1.65,4.9,88992.34,1,
SH00636,2024-03-31,A,S06,C4,Grocery,0,South,Rail,434.8,10.64,18.9,1.68,4.5,47673.18,0,
SH00637,2024-01-28,B,S06,C1,Grocery,0,South,Road,464.5,5.52,13.3,1.73,0.4,45869.56,1,Damaged carton
SH00638,2024-01-07,D,S05,C3,Frozen,0,South,Air,521.5,15.84,8.8,1.73,1.8,30559.55,0,
SH00639,2024-04-28,C,S10,C2,Clothing,0,North,Road,155.0,,12.2,1.72,6.2,45825.32,0,Damaged carton
SH00640,2024-02-25,D,S07,C2,Electronics,0,North,Road,266.5,11.59,9.7,1.64,4.3,71294.87,1,
SH00641,2024-01-14,D,S10,C3,Clothing,0,North,Air,315.0,6.99,8.0,1.6,5.0,39118.08,0,
SH00642,2024-02-25,D,S08,C3,Grocery,0,North,Air,272.4,26.07,9.6,1.68,4.3,57494.63,0,
SH00643,2024-02-18,A,S07,C1,Electronics,1,North,Road,180.1,10.92,11.1,,3.1,120454.98,0,nan
SH00644,2024-01-14,C,S05,C1,Grocery,1,South,Road,420.8,16.21,9.1,1.58,,67121.87,1,Driver delay
SH00645,2024-01-21,C,S01,C3,Grocery,0,North,Air,173.1,19.35,8.2,1.71,8.9,68137.93,0,
SH00646,2024-05-05,D,S05,C3,Electronics,1,South,Air,494.4,8.29,8.0,,5.5,134898.16,0,
SH00647,2024-03-24,A,S10,C4,Frozen,0,North,Rail,191.0,15.37,8.0,1.8,5.6,23672.48,1,Damaged carton
SH00648,2024-01-07,A,S02,C3,Grocery,0,North,Air,189.8,13.13,8.0,1.7,5.3,37310.29,0,
SH00649,2024-03-24,C,S05,C4,Grocery,0,South,Rail,414.8,17.97,17.5,1.82,4.1,55967.86,1,Damaged carton
SH00650,2024-02-04,A,S05,C3,Grocery,1,South,Air,471.8,16.09,8.3,1.74,6.8,78312.32,0,nan
SH00651,2024-04-28,A,S02,C1,Grocery,1,North,Road,204.1,13.51,8.1,1.73,2.9,62808.6,1,Partial delivery
SH00652,2024-04-21,A,S05,C1,Frozen,0,South,Road,486.8,22.9,13.4,1.73,5.1,27740.12,1,Partial delivery
SH00653,2024-04-14,B,S04,C3,Electronics,1,South,Air,489.7,5.67,8.0,1.7,5.1,91203.47,0,Damaged carton
SH00654,2024-04-14,D,S01,C3,Electronics,0,North,Air,333.3,10.03,9.7,1.64,6.0,65983.86,0,nan
SH00655,2024-02-04,C,S03,C1,Clothing,0,East,Road,256.2,4.79,8.0,1.74,0.3,46818.06,1,nan
SH00656,2024-04-07,C,S01,C2,Grocery,0,North,Road,146.9,19.19,8.4,1.56,8.3,47140.29,1,Damaged carton
SH00657,2024-01-14,B,S12,C4,Electronics,0,North,Rail,256.4,4.9,17.6,1.65,4.6,83621.61,0,
SH00658,2024-03-17,D,S11,C2,Electronics,0,North,Road,320.9,13.36,12.9,1.75,,58090.33,0,Damaged carton
SH00659,2024-05-12,C,S05,C2,Electronics,1,South,Road,378.6,18.14,19.0,1.67,9.6,119635.43,0,
SH00660,2024-02-18,A,S04,C2,Frozen,0,South,Road,444.1,11.64,8.0,1.66,3.0,32645.0,1,Partial delivery
SH00661,2024-02-11,C,S07,C1,Clothing,0,North,Road,151.7,12.87,8.0,1.68,-0.6,31931.86,1,Damaged carton
SH00662,2024-01-14,A,S05,C2,Grocery,0,South,Road,454.3,16.47,16.3,1.62,,51942.72,0,
SH00663,2024-02-11,B,S10,C2,Clothing,0,North,Road,240.3,14.02,15.6,1.67,3.8,40028.46,0,
SH00664,2024-05-05,A,S04,C1,Grocery,1,South,Road,490.4,26.75,10.4,1.71,3.9,60610.99,1,Damaged carton
SH00665,2024-01-14,C,S02,C3,Grocery,0,North,Air,166.7,17.07,8.0,1.58,,28228.05,1,nan
SH00666,2024-05-05,C,S04,C2,Grocery,0,South,Road,461.2,11.92,17.0,1.71,11.1,45047.53,0,Partial delivery
SH00667,2024-04-14,C,S12,C4,Grocery,1,North,Rail,160.5,21.79,8.0,1.66,,67948.7,1,Partial delivery
SH00668,2024-05-12,B,S02,C4,Electronics,0,North,Rail,267.8,10.9,13.8,1.66,8.2,73417.22,0,
SH00669,2024-01-14,B,S08,C1,Electronics,0,North,Road,246.9,12.01,8.0,1.66,1.8,77339.66,1,Partial delivery
SH00670,2024-05-19,D,S03,C3,Frozen,0,East,Air,431.9,13.64,8.0,1.82,3.1,36735.41,0,Damaged carton
SH00671,2024-02-11,C,S09,C2,Electronics,0,West,Road,275.7,,8.0,1.61,6.2,79069.9,1,Partial delivery
SH00672,2024-01-07,A,S04,C4,Electronics,0,South,Rail,415.1,14.64,14.6,1.69,4.7,54838.41,1,
SH00673,2024-04-14,B,S06,C1,Grocery,0,South,Road,544.9,19.28,17.5,1.67,4.8,48613.62,0,Damaged carton
SH00674,2024-03-10,C,S10,C3,Grocery,1,North,Air,148.0,12.23,9.0,1.72,8.4,-1.0,0,
SH00675,2024-05-12,C,S05,C3,Electronics,1,South,Air,399.9,12.75,8.0,1.69,2.8,91124.47,1,
SH00676,2024-04-28,B,S10,C1,Electronics,0,North,Road,213.7,11.94,12.8,1.7,3.6,88816.98,0,nan
SH00677,2024-02-04,D,S01,C1,Clothing,0,North,Road,314.5,6.7,8.0,1.77,3.1,31226.63,1,
SH00678,2024-01-28,B,S09,C3,Grocery,1,West,Air,352.4,24.48,8.0,1.69,3.4,63657.02,0,
SH00679,2024-03-10,B,S01,C3,Grocery,0,North,Air,240.7,15.53,8.0,1.73,,38946.81,0,Damaged carton
SH00680,2024-04-28,A,S08,C2,Electronics,0,North,Road,192.0,9.32,13.2,1.74,6.1,76451.75,0,nan
SH00681,2024-03-10,A,S09,C3,Grocery,0,West,Air,381.1,21.07,9.4,1.73,4.6,55310.97,0,Damaged carton
SH00682,2024-04-28,D,S09,C2,Grocery,1,West,Road,413.1,18.31,15.4,,3.5,63423.62,0,Driver delay
SH00683,2024-05-19,C,S01,C3,Clothing,0,North,Air,182.5,2.46,13.9,1.79,8.7,38679.68,0,nan
SH00684,2024-02-04,B,S02,C1,Grocery,0,North,Road,204.9,18.74,13.2,1.73,2.0,50208.28,0,
SH00685,2024-01-14,D,S12,C4,Electronics,0,North,Rail,348.2,8.34,13.1,1.59,1.2,80933.21,0,
SH00686,2024-02-11,A,S01,C1,Grocery,1,North,Road,192.8,21.43,9.5,1.69,3.6,71764.08,1,
SH00687,2024-01-14,B,S10,C2,Grocery,0,North,Road,240.3,18.6,11.8,1.64,4.1,55248.62,0,nan
SH00688,2024-03-31,C,S02,C1,Grocery,1,North,Road,219.6,18.38,11.5,1.75,4.0,78861.53,1,
SH00689,2024-03-17,A,S10,C1,Clothing,0,North,Road,182.4,3.81,12.1,1.77,6.5,41005.7,0,
SH00690,2024-03-17,A,S12,C2,Grocery,0,North,Road,250.0,17.08,8.0,1.72,4.6,37544.57,1,Partial delivery
SH00691,2024-04-21,A,S08,C1,Clothing,0,North,Road,187.7,11.88,16.9,1.68,8.0,45147.69,0,Partial delivery
SH00692,2024-03-17,D,S05,C4,Grocery,0,South,Rail,550.2,14.89,19.0,1.73,,60123.68,1,Damaged carton
SH00693,2024-05-12,C,S12,C1,Clothing,1,North,Road,152.8,7.87,8.0,1.66,9.9,71201.22,1,Damaged carton
SH00694,2024-04-14,B,S11,C2,Grocery,0,North,Road,199.3,14.25,8.0,1.68,4.8,60887.79,1,
SH00695,2024-04-21,D,S07,C2,Clothing,0,North,Road,292.4,3.26,8.0,,7.6,37058.21,1,Damaged carton
SH00696,2024-03-17,D,S02,C1,Electronics,0,North,Road,299.2,9.66,8.0,1.76,,82246.21,1,Damaged carton
SH00697,2024-04-21,D,S08,C1,Frozen,0,North,Road,240.5,15.7,8.8,1.71,11.7,28782.18,1,nan
SH00698,2024-02-25,A,S11,C2,Grocery,0,North,Road,190.8,25.98,15.5,1.7,,46951.05,0,
SH00699,2024-01-28,C,S06,C2,Grocery,0,South,Road,456.0,16.18,16.9,,3.5,49148.86,0,nan
SH00700,2024-02-25,D,S08,C2,Grocery,1,North,Road,298.0,17.8,11.3,1.69,4.2,77536.0,1,Partial delivery
SH00701,2024-01-28,B,S01,C2,Clothing,0,North,Road,228.1,,8.0,1.73,3.6,30464.97,1,
SH00702,2024-01-21,C,S01,C3,Electronics,0,North,Air,152.1,12.45,8.0,1.7,7.6,67969.45,0,Driver delay
SH00703,2024-01-21,B,S12,C1,Clothing,0,North,Road,298.4,9.59,8.0,1.7,5.7,47316.96,1,
SH00704,2024-05-05,C,S07,C2,Grocery,0,North,Road,126.6,23.95,8.0,1.74,5.3,60902.51,1,nan
SH00705,2024-05-12,B,S08,C4,Grocery,0,North,Rail,238.2,22.45,9.5,1.65,3.9,45053.78,0,nan
SH00706,2024-05-12,A,S03,C2,Grocery,1,East,Road,256.1,19.41,9.6,1.67,8.7,81094.8,1,
SH00707,2024-02-04,D,S05,C3,Frozen,0,South,Air,569.4,13.12,8.0,1.78,5.9,34391.47,0,
SH00708,2024-05-05,B,S12,C2,Clothing,0,North,Road,239.8,8.82,8.0,1.69,7.6,38393.43,1,
SH00709,2024-03-10,C,S01,C3,Frozen,0,North,Air,175.3,14.56,8.0,1.79,4.8,19041.3,1,
SH00710,2024-02-11,D,S07,C3,Grocery,1,North,Air,363.1,21.81,8.0,1.65,3.8,48736.85,0,
SH00711,2024-01-07,D,S05,C2,Electronics,0,South,Road,512.2,13.3,8.0,1.69,7.0,72101.88,1,
SH00712,2024-02-04,C,S08,C4,Clothing,0,North,Rail,222.5,6.81,12.7,1.76,7.8,44559.62,1,Partial delivery
SH00713,2024-03-03,B,S08,C1,Grocery,0,North,Road,228.3,12.15,8.7,1.68,6.1,55723.25,1,
SH00714,2024-03-24,A,S09,C1,Clothing,0,West,Road,343.0,13.33,8.0,1.8,7.2,37201.3,1,nan
SH00715,2024-04-07,A,S07,C3,Frozen,0,North,Air,279.1,17.33,8.0,1.51,6.1,28959.27,0,nan
SH00716,2024-01-14,B,S11,C4,Frozen,0,North,Rail,235.2,13.72,13.3,1.62,1.0,29853.83,0,Damaged carton
SH00717,2024-04-28,D,S01,C1,Clothing,0,North,Road,238.8,10.17,8.0,1.68,4.1,38687.57,1,nan
SH00718,2024-04-07,D,S03,C1,Grocery,0,East,Road,388.5,18.3,8.0,1.54,7.9,51227.25,1,
SH00719,2024-03-31,D,S08,C1,Grocery,1,North,Road,274.8,23.27,8.7,1.72,8.0,64707.1,1,
SH00720,2024-03-03,D,S03,C1,Frozen,0,East,Road,391.0,7.28,14.6,1.63,,22465.98,0,Partial delivery
SH00721,2024-04-14,B,S08,C3,Grocery,0,North,Air,236.0,16.41,12.6,1.67,6.4,48443.29,0,Damaged carton
SH00722,2024-04-14,D,S01,C2,Clothing,0,North,Road,346.5,14.4,13.9,1.65,7.9,39864.41,0,Partial delivery
SH00723,2024-03-17,C,S05,C2,Clothing,0,South,Road,436.7,10.25,19.3,1.69,5.0,45938.8,0,nan
SH00724,2024-04-21,D,S04,C2,Electronics,0,South,Road,497.8,17.09,15.4,1.65,7.1,70024.33,1,nan
SH00725,2024-04-28,A,S05,C1,Frozen,0,South,Road,453.7,10.11,11.5,1.7,5.6,30917.57,1,Partial delivery
SH00726,2024-01-28,D,S08,C1,Grocery,0,North,Road,256.0,22.29,12.3,1.68,2.0,54221.3,0,Driver delay
SH00727,2024-01-07,B,S10,C3,Grocery,0,North,Air,232.6,22.05,8.0,1.75,5.4,48887.4,0,
SH00728,2024-02-25,A,S04,C4,Grocery,1,South,Rail,422.7,11.27,18.1,1.63,,47890.72,1,
SH00729,2024-04-28,B,S11,C4,Electronics,0,North,Rail,303.2,8.82,8.8,1.75,11.0,92120.83,1,Driver delay
SH00730,2024-01-21,B,S04,C1,Grocery,1,South,Road,469.3,17.57,15.4,1.74,4.5,72284.63,0,Damaged carton
SH00731,2024-05-19,A,S03,C4,Grocery,0,East,Rail,320.6,11.52,13.5,1.84,4.4,51715.8,1,Damaged carton
SH00732,2024-04-14,B,S07,C3,Clothing,0,North,Air,230.3,6.9,8.0,1.7,5.1,40241.98,0,
SH00733,2024-04-14,B,S03,C3,Frozen,0,East,Air,305.2,18.49,8.0,1.7,5.5,21983.59,0,Partial delivery
SH00734,2024-04-07,D,S12,C2,Grocery,0,North,Road,285.9,16.44,9.1,1.55,5.9,55809.92,1,
SH00735,2024-04-07,C,S03,C2,Grocery,0,East,Road,282.0,18.97,14.1,1.5,6.5,61147.97,0,Partial delivery
SH00736,2024-01-14,B,S11,C2,Frozen,0,North,Road,256.8,16.0,8.0,,4.5,24988.15,1,
SH00737,2024-03-31,B,S10,C1,Grocery,1,North,Road,161.3,17.95,8.0,1.71,7.0,78113.93,1,
SH00738,2024-04-07,B,S05,C1,Grocery,1,South,Road,453.0,15.18,8.0,1.47,6.0,76031.71,1,
SH00739,2024-05-12,D,S05,C1,Grocery,0,South,Road,558.7,20.64,15.9,1.66,1.9,41426.04,1,
SH00740,2024-02-18,C,S06,C2,Electronics,0,South,Road,392.3,,12.3,1.61,5.0,75270.28,1,nan
SH00741,2024-01-21,A,S08,C3,Grocery,0,North,Air,206.1,18.03,8.0,1.74,4.1,39534.22,0,
SH00742,2024-04-14,D,S10,C2,Frozen,0,North,Road,242.3,20.54,9.8,1.67,6.8,29706.88,1,
SH00743,2024-04-07,D,S06,C1,Electronics,0,South,Road,551.9,8.21,14.7,1.55,4.9,85379.81,1,Damaged carton
SH00744,2024-03-17,C,S12,C4,Electronics,1,North,Rail,197.9,7.09,9.9,,5.6,83400.7,0,Damaged carton
SH00745,2024-04-14,C,S01,C4,Grocery,0,North,Rail,192.0,20.9,12.8,1.63,,52893.52,1,
SH00746,2024-03-31,D,S08,C3,Electronics,0,North,Air,311.0,10.65,10.8,1.64,5.1,-1.0,0,
SH00747,2024-05-05,A,S08,C4,Clothing,0,North,Rail,246.9,10.98,17.3,1.72,7.5,43920.87,0,nan
SH00748,2024-02-11,D,S09,C2,Clothing,0,West,Road,394.8,,12.8,1.64,4.5,42727.02,1,Partial delivery
SH00749,2024-01-21,C,S09,C4,Clothing,0,West,Rail,296.3,0.5,14.1,1.71,4.2,32629.06,1,
SH00750,2024-05-12,A,S02,C1,Electronics,0,North,Road,226.9,14.72,10.8,1.71,0.5,78542.31,1,Damaged carton
SH00751,2024-04-14,C,S02,C2,Frozen,0,North,Road,203.9,23.28,11.9,1.7,,31585.58,0,
SH00752,2024-02-04,A,S03,C1,Clothing,0,East,Road,279.8,13.14,10.0,1.79,1.9,48766.15,1,
SH00753,2024-03-10,B,S01,C1,Clothing,0,North,Road,217.7,0.5,9.7,1.73,,40014.79,1,Partial delivery
SH00754,2024-02-18,C,S04,C1,Grocery,1,South,Road,400.4,19.8,8.0,1.63,7.1,69149.03,1,nan
SH00755,2024-04-28,C,S04,C3,Grocery,0,South,Air,371.8,16.13,8.0,,5.8,-1.0,1,
SH00756,2024-02-18,D,S09,C3,Grocery,0,West,Air,391.9,13.66,8.0,1.63,6.2,41338.29,0,nan
SH00757,2024-03-24,C,S09,C3,Clothing,0,West,Air,282.6,,8.0,1.78,6.6,32301.57,1,
SH00758,2024-04-28,C,S09,C1,Electronics,0,West,Road,311.2,9.4,12.3,1.73,6.3,74956.78,1,
SH00759,2024-03-31,B,S10,C4,Electronics,0,North,Rail,248.1,12.03,8.0,1.73,6.6,104744.61,1,
SH00760,2024-05-19,C,S07,C3,Frozen,1,North,Air,183.0,15.23,8.0,1.81,7.0,36647.85,1,
SH00761,2024-01-28,B,S02,C2,Frozen,0,North,Road,224.7,10.52,9.9,1.71,3.8,31640.82,1,nan
SH00762,2024-03-10,B,S10,C3,Frozen,0,North,Air,225.5,12.69,8.0,1.79,,32506.94,0,Damaged carton
SH00763,2024-01-21,B,S05,C1,Grocery,0,South,Road,493.7,15.05,8.0,1.76,6.8,41813.53,1,
SH00764,2024-03-03,B,S04,C2,Clothing,0,South,Road,445.1,1.13,8.6,1.65,5.8,37389.36,1,nan
SH00765,2024-03-31,A,S12,C4,Grocery,1,North,Rail,228.8,12.51,8.0,1.71,5.9,71088.05,1,nan
SH00766,2024-05-05,D,S11,C1,Grocery,1,North,Road,318.6,17.16,13.9,1.75,4.4,69176.19,0,Driver delay
SH00767,2024-04-14,A,S08,C2,Grocery,0,North,Road,181.2,23.7,10.0,1.7,8.6,35045.04,1,nan
SH00768,2024-01-28,C,S02,C4,Grocery,0,North,Rail,158.0,15.86,8.0,1.68,1.3,54458.08,0,
SH00769,2024-04-14,A,S06,C3,Electronics,0,South,Air,487.3,6.97,8.0,1.7,2.3,73388.12,0,nan
SH00770,2024-01-14,A,S05,C1,Clothing,1,South,Road,446.3,3.27,19.4,1.62,,47906.43,0,Partial delivery
SH00771,2024-04-14,C,S12,C1,Grocery,0,North,Road,187.6,18.12,14.2,1.65,,53036.49,0,nan
SH00772,2024-02-25,C,S02,C1,Clothing,1,North,Road,167.2,12.72,8.0,1.66,6.9,63878.9,1,Driver delay
SH00773,2024-02-25,C,S11,C3,Electronics,0,North,Air,216.7,18.01,12.0,1.7,1.3,77594.78,0,
SH00774,2024-04-28,A,S10,C2,Grocery,0,North,Road,214.7,19.14,9.6,1.71,8.0,58842.88,1,Driver delay
SH00775,2024-03-24,A,S01,C1,Electronics,0,North,Road,216.4,10.56,13.1,1.78,6.9,62708.93,0,
SH00776,2024-05-12,C,S08,C4,Grocery,1,North,Rail,187.0,15.83,11.0,1.7,6.6,66274.75,1,
SH00777,2024-03-10,D,S02,C2,Electronics,1,North,Road,263.3,8.49,14.5,1.74,0.8,95559.54,0,
SH00778,2024-03-03,D,S07,C1,Electronics,0,North,Road,266.1,12.52,8.0,1.7,,83384.08,1,nan
SH00779,2024-02-04,B,S09,C2,Grocery,0,West,Road,413.1,16.74,11.5,,4.7,47777.69,1,
SH00780,2024-02-11,C,S09,C3,Grocery,0,West,Air,323.8,17.35,12.4,1.68,3.9,39942.04,0,Damaged carton
SH00781,2024-05-19,B,S08,C1,Electronics,0,North,Road,204.7,9.9,8.0,1.77,7.9,69351.09,1,
SH00782,2024-01-14,D,S11,C1,Frozen,0,North,Road,336.2,12.64,10.9,1.59,3.6,22605.6,1,nan
SH00783,2024-03-31,B,S12,C4,Grocery,0,North,Rail,269.3,17.7,10.2,1.66,5.1,40198.24,1,
SH00784,2024-02-11,C,S10,C2,Clothing,1,North,Road,171.1,,12.8,1.7,-0.5,55746.53,0,Driver delay
SH00785,2024-02-04,C,S09,C2,Clothing,0,West,Road,311.8,10.2,16.9,1.73,5.9,38493.78,0,nan
SH00786,2024-01-07,C,S02,C2,Frozen,1,North,Road,176.0,24.41,13.1,1.79,2.3,40350.56,0,Damaged carton
SH00787,2024-02-11,A,S06,C1,Clothing,0,South,Road,465.5,5.79,15.4,,3.6,50893.46,1,
SH00788,2024-02-11,B,S04,C1,Electronics,0,South,Road,429.0,11.5,13.0,1.61,2.2,76448.34,1,Driver delay
SH00789,2024-04-21,D,S04,C2,Clothing,0,South,Road,593.4,11.41,14.4,1.75,2.8,43805.7,1,nan
SH00790,2024-01-28,D,S05,C1,Frozen,0,South,Road,506.3,20.12,15.0,1.74,7.0,30126.61,1,Driver delay
SH00791,2024-03-17,D,S12,C1,Grocery,0,North,Road,279.9,16.94,15.9,1.71,,70720.13,0,
SH00792,2024-03-03,A,S03,C4,Grocery,0,East,Rail,301.0,10.79,10.2,1.68,6.5,27367.65,0,nan
SH00793,2024-01-21,A,S01,C4,Grocery,0,North,Rail,259.9,19.07,10.9,1.75,3.5,44617.53,1,
SH00794,2024-05-12,C,S08,C3,Clothing,0,North,Air,167.4,,8.0,1.67,2.9,43924.14,1,Partial delivery
SH00795,2024-02-25,D,S05,C4,Clothing,0,South,Rail,577.7,6.62,23.4,1.68,8.9,35482.57,0,nan
SH00796,2024-02-04,A,S03,C1,Grocery,0,East,Road,312.2,17.47,12.6,1.74,5.1,54245.54,1,
SH00797,2024-01-28,C,S10,C4,Electronics,1,North,Rail,141.1,10.57,14.5,1.65,4.4,103062.76,0,Driver delay
SH00798,2024-02-11,D,S07,C1,Electronics,1,North,Road,284.0,11.45,14.3,1.65,3.7,117493.2,0,Partial delivery
SH00799,2024-01-14,B,S07,C4,Grocery,0,North,Rail,236.4,19.28,13.3,1.62,-0.3,41509.08,0,nan
SH00800,2024-05-19,C,S01,C4,Frozen,0,North,Rail,137.5,14.13,8.0,1.79,8.8,30777.79,1,
SH00801,2024-03-17,A,S12,C3,Grocery,0,North,Air,210.7,19.54,13.0,1.69,3.0,53495.14,0,Damaged carton
SH00802,2024-01-28,A,S09,C4,Grocery,1,West,Rail,350.7,16.86,20.4,1.71,5.2,66284.94,0,nan
SH00803,2024-04-14,C,S02,C3,Electronics,0,North,Air,186.7,12.57,8.0,1.68,,81792.95,1,
SH00804,2024-02-11,C,S05,C1,Clothing,0,South,Road,425.8,5.49,9.2,1.63,5.0,47214.59,1,
SH00805,2024-04-28,A,S05,C2,Grocery,0,South,Road,430.5,18.29,8.0,1.79,7.0,37400.71,1,nan
SH00806,2024-02-11,B,S08,C3,Clothing,0,North,Air,263.1,1.51,8.0,1.65,7.1,40749.8,0,
SH00807,2024-05-12,D,S08,C1,Electronics,0,North,Road,261.3,8.52,8.0,1.67,4.7,65490.22,1,nan
SH00808,2024-01-14,B,S07,C3,Grocery,0,North,Air,147.0,20.27,8.0,1.64,4.1,55682.08,0,
SH00809,2024-04-14,C,S07,C4,Grocery,0,North,Rail,173.9,13.87,8.0,1.74,,43715.5,1,
SH00810,2024-03-17,B,S12,C1,Electronics,0,North,Road,223.4,8.72,8.0,1.76,1.5,50330.65,1,Driver delay
SH00811,2024-02-25,A,S11,C3,Grocery,0,North,Air,211.5,8.38,8.0,1.7,,55861.01,0,Partial delivery
SH00812,2024-05-12,C,S06,C4,Frozen,0,South,Rail,480.0,9.53,24.6,1.65,8.8,28792.33,0,Partial delivery
SH00813,2024-03-31,D,S06,C4,Clothing,1,South,Rail,590.8,3.57,21.7,1.68,8.2,-1.0,1,Damaged carton
SH00814,2024-03-24,A,S11,C4,Frozen,0,North,Rail,195.0,15.41,9.3,1.78,9.0,36421.54,1,nan
SH00815,2024-02-04,A,S09,C2,Grocery,1,West,Road,325.2,19.33,13.4,1.76,0.7,68621.16,0,
SH00816,2024-02-11,D,S06,C4,Frozen,0,South,Rail,547.5,14.78,19.8,1.68,7.6,30762.43,0,Damaged carton
SH00817,2024-01-28,D,S12,C3,Electronics,0,North,Air,268.9,8.47,8.4,1.74,4.4,79432.76,0,
SH00818,2024-05-12,B,S02,C1,Grocery,1,North,Road,251.8,16.48,9.4,1.62,9.5,53813.76,1,Partial delivery
SH00819,2024-05-19,C,S02,C2,Grocery,0,North,Road,150.2,20.86,13.9,1.77,5.7,48385.64,0,
SH00820,2024-01-07,D,S05,C3,Grocery,1,South,Air,537.5,18.85,9.2,1.76,2.6,84245.51,0,
SH00821,2024-05-19,D,S04,C1,Clothing,0,South,Road,505.6,6.66,14.5,1.75,4.0,37748.68,1,Damaged carton
SH00822,2024-04-28,C,S11,C3,Electronics,1,North,Air,205.5,15.17,8.0,1.76,7.6,101566.19,1,
SH00823,2024-03-24,D,S02,C3,Grocery,0,North,Air,262.3,25.8,9.1,1.83,6.3,59428.14,0,
SH00824,2024-04-14,D,S03,C1,Electronics,0,East,Road,399.8,5.02,9.4,1.68,3.5,61504.54,1,Partial delivery
SH00825,2024-01-07,B,S07,C3,Grocery,0,North,Air,202.1,20.09,8.0,1.68,-0.7,54650.93,0,Damaged carton
SH00826,2024-04-07,A,S08,C3,Electronics,1,North,Air,223.4,22.36,8.0,1.53,6.4,79213.47,0,nan
SH00827,2024-02-11,A,S12,C2,Grocery,1,North,Road,171.0,19.12,8.0,1.7,5.4,68892.09,1,Partial delivery
SH00828,2024-02-04,A,S06,C1,Clothing,1,South,Road,457.8,8.46,17.0,1.79,2.3,51825.21,0,
SH00829,2024-03-17,A,S11,C1,Clothing,1,North,Road,230.7,7.78,8.5,1.75,2.8,56776.72,1,Partial delivery
SH00830,2024-01-28,D,S05,C2,Electronics,0,South,Road,524.0,11.96,15.3,,5.4,67850.31,1,
SH00831,2024-03-31,C,S01,C4,Grocery,0,North,Rail,139.1,21.02,8.5,1.73,9.1,45987.25,0,Driver delay
SH00832,2024-03-17,C,S08,C1,Grocery,0,North,Road,184.9,13.02,8.4,1.76,4.1,54980.4,1,nan
SH00833,2024-01-21,B,S03,C3,Clothing,0,East,Air,314.8,7.89,8.0,1.7,2.2,36941.0,0,Damaged carton
SH00834,2024-01-07,B,S06,C1,Grocery,0,South,Road,477.9,8.92,13.3,1.73,4.2,55666.36,1,Partial delivery
SH00835,2024-02-11,D,S03,C2,Grocery,0,East,Road,388.0,17.16,11.4,1.67,5.7,51568.77,1,
SH00836,2024-05-05,C,S07,C4,Grocery,0,North,Rail,210.8,14.39,13.9,1.7,5.5,46656.86,0,Damaged carton
SH00837,2024-03-10,C,S07,C3,Electronics,0,North,Air,170.8,11.36,8.4,1.75,9.0,76215.75,0,nan
SH00838,2024-02-04,A,S12,C1,Electronics,0,North,Road,200.7,3.37,8.9,1.77,6.0,80042.06,1,
SH00839,2024-03-10,D,S09,C2,Clothing,0,West,Road,452.1,5.95,8.0,1.73,4.2,38678.91,1,
SH00840,2024-03-24,D,S05,C1,Grocery,0,South,Road,531.5,21.87,18.9,1.84,2.1,55476.87,0,Damaged carton
SH00841,2024-01-14,A,S08,C2,Grocery,0,North,Road,219.1,15.29,9.6,1.57,,47215.41,1,Driver delay
SH00842,2024-03-31,D,S10,C3,Clothing,0,North,Air,312.4,0.5,8.0,1.75,7.8,36561.81,0,
SH00843,2024-02-25,D,S10,C1,Clothing,0,North,Road,270.2,9.03,16.3,1.68,4.1,45461.51,0,nan
SH00844,2024-01-14,B,S08,C1,Grocery,0,North,Road,141.7,15.65,11.2,1.65,4.5,46834.03,0,
SH00845,2024-05-19,C,S01,C2,Electronics,0,North,Road,145.5,9.26,11.4,1.8,6.2,73515.54,0,
SH00846,2024-01-07,D,S12,C4,Grocery,0,North,Rail,316.3,15.08,12.9,1.7,4.7,31357.52,1,Driver delay
SH00847,2024-02-04,B,S05,C4,Frozen,0,South,Rail,489.0,22.9,17.2,1.74,2.2,25322.23,1,
SH00848,2024-03-03,C,S03,C1,Grocery,0,East,Road,259.8,11.77,12.7,1.62,2.5,43710.29,1,Partial delivery
SH00849,2024-04-28,A,S01,C3,Frozen,0,North,Air,235.0,26.33,8.0,1.76,7.7,27569.41,0,
SH00850,2024-03-03,B,S04,C2,Clothing,0,South,Road,487.0,6.44,20.7,1.69,6.7,35667.16,0,
SH00851,2024-03-17,B,S08,C2,Electronics,1,North,Road,177.2,10.73,18.1,1.73,4.1,119335.58,0,
SH00852,2024-04-14,C,S03,C3,Grocery,1,East,Air,224.8,15.7,8.5,1.7,,57442.31,0,nan
SH00853,2024-02-11,A,S10,C4,Electronics,0,North,Rail,212.6,7.53,8.0,1.66,6.7,71592.48,1,Partial delivery
SH00854,2024-01-21,B,S02,C4,Electronics,0,North,Rail,238.0,6.86,8.0,1.75,2.5,81867.85,1,Driver delay
SH00855,2024-04-28,D,S11,C3,Grocery,0,North,Air,323.6,20.41,12.8,1.77,6.1,41737.39,0,
SH00856,2024-02-04,D,S09,C2,Clothing,0,West,Road,408.0,2.36,15.3,1.72,4.1,49383.95,0,Partial delivery
SH00857,2024-03-24,D,S10,C3,Frozen,1,North,Air,270.7,16.46,8.0,1.77,2.3,43692.62,0,Damaged carton
SH00858,2024-05-05,A,S05,C1,Electronics,0,South,Road,423.5,1.26,13.0,1.67,6.6,65982.96,1,nan
SH00859,2024-04-07,B,S07,C3,Clothing,0,North,Air,224.4,9.09,8.0,1.53,5.8,46082.0,0,Driver delay
SH00860,2024-03-17,D,S11,C2,Grocery,0,North,Road,223.2,21.4,15.8,1.75,,59162.81,0,Driver delay
SH00861,2024-03-03,A,S11,C3,Electronics,1,North,Air,188.4,4.9,8.0,1.64,5.1,86183.01,0,
SH00862,2024-01-14,D,S02,C1,Grocery,0,North,Road,278.4,20.71,13.0,1.66,8.1,41261.25,0,Damaged carton
SH00863,2024-03-24,C,S09,C1,Electronics,0,West,Road,315.9,10.21,8.0,1.78,7.6,72675.04,1,Damaged carton
SH00864,2024-01-21,B,S09,C4,Frozen,0,West,Rail,454.5,21.39,15.5,1.67,4.0,23631.58,1,nan
SH00865,2024-01-21,B,S04,C1,Clothing,0,South,Road,545.0,4.58,18.9,1.77,4.2,35318.27,0,
SH00866,2024-01-07,A,S04,C2,Grocery,0,South,Road,427.5,29.26,12.8,1.66,7.2,46999.07,1,
SH00867,2024-02-25,A,S06,C1,Grocery,0,South,Road,388.7,8.44,11.6,1.71,,53781.14,1,Damaged carton
SH00868,2024-02-25,B,S10,C1,Electronics,1,North,Road,237.0,8.68,9.4,1.7,2.2,105267.12,1,
SH00869,2024-03-17,D,S10,C1,Electronics,1,North,Road,291.3,3.21,8.0,1.75,,101690.86,1,
SH00870,2024-03-03,D,S10,C1,Clothing,1,North,Road,254.2,15.4,8.0,,,48231.25,1,nan
SH00871,2024-02-04,C,S06,C4,Clothing,0,South,Rail,395.7,6.95,19.7,1.76,7.5,32152.27,0,Partial delivery
SH00872,2024-04-07,D,S12,C1,Electronics,1,North,Road,327.5,9.31,9.3,1.56,4.8,113230.8,1,nan
SH00873,2024-01-21,A,S01,C4,Grocery,0,North,Rail,192.3,19.77,13.6,1.7,3.0,54270.31,0,nan
SH00874,2024-02-04,A,S09,C3,Grocery,0,West,Air,369.9,17.98,11.1,1.77,2.3,45373.64,0,
SH00875,2024-02-04,D,S02,C2,Grocery,0,North,Road,252.1,15.62,14.4,1.77,4.8,41741.34,0,Damaged carton
SH00876,2024-05-12,A,S05,C3,Grocery,0,South,Air,448.3,12.97,8.0,1.69,7.8,61670.78,0,
SH00877,2024-04-07,B,S09,C2,Electronics,0,West,Road,379.9,10.67,9.1,1.51,4.6,82960.77,1,nan
SH00878,2024-01-28,B,S04,C3,Clothing,0,South,Air,469.7,9.52,8.0,,3.8,42381.81,0,Damaged carton
SH00879,2024-03-31,D,S11,C1,Clothing,0,North,Road,314.7,10.78,12.9,,1.3,42640.89,0,
SH00880,2024-03-10,B,S03,C2,Grocery,1,East,Road,298.3,25.65,19.4,1.71,,53275.78,0,
SH00881,2024-05-05,B,S07,C4,Grocery,0,North,Rail,249.0,9.3,8.0,1.71,3.0,61244.57,1,Damaged carton
SH00882,2024-02-25,C,S06,C4,Grocery,0,South,Rail,409.3,17.73,21.9,1.7,5.4,46973.77,0,
SH00883,2024-02-25,C,S08,C4,Grocery,0,North,Rail,182.4,22.77,13.0,1.68,5.2,56165.32,0,
SH00884,2024-02-18,B,S03,C2,Clothing,0,East,Road,329.8,,8.0,1.68,4.6,48750.6,1,Driver delay
SH00885,2024-02-25,D,S05,C3,Grocery,0,South,Air,556.0,,8.0,1.67,4.8,50610.32,0,nan
SH00886,2024-04-07,C,S10,C2,Electronics,0,North,Road,141.8,4.84,10.6,1.5,3.6,65822.26,0,
SH00887,2024-05-12,A,S04,C2,Grocery,0,South,Road,484.7,19.31,8.0,1.75,5.7,31298.97,1,Damaged carton
SH00888,2024-02-11,A,S04,C1,Frozen,0,South,Road,449.1,16.17,8.0,,6.3,29827.13,1,nan
SH00889,2024-01-07,A,S04,C3,Electronics,0,South,Air,410.1,12.69,8.0,1.71,6.2,83001.73,0,
SH00890,2024-04-14,D,S10,C1,Grocery,1,North,Road,300.4,14.88,11.5,1.69,4.9,-1.0,1,nan
SH00891,2024-01-07,B,S08,C2,Electronics,0,North,Road,234.0,11.04,8.0,1.75,0.5,81628.23,1,
SH00892,2024-04-28,A,S06,C4,Clothing,0,South,Rail,398.8,4.22,13.5,,4.5,42582.07,1,Partial delivery
SH00893,2024-01-07,D,S03,C1,Frozen,1,East,Road,390.0,16.04,9.7,1.79,7.3,44814.48,1,Partial delivery
SH00894,2024-04-14,C,S10,C1,Grocery,0,North,Road,200.2,18.21,8.0,1.68,,48285.76,1,Partial delivery
SH00895,2024-01-14,B,S05,C1,Frozen,0,South,Road,528.5,11.72,12.8,1.59,3.6,29795.96,1,nan
SH00896,2024-04-07,C,S06,C4,Frozen,1,South,Rail,408.6,21.23,9.9,1.52,8.4,37955.19,1,
SH00897,2024-02-25,D,S05,C2,Frozen,0,South,Road,534.4,,19.5,1.67,3.6,30151.18,0,
SH00898,2024-02-25,A,S06,C2,Electronics,0,South,Road,451.5,,21.0,1.68,,73841.79,0,Damaged carton
SH00899,2024-05-12,A,S08,C4,Electronics,0,North,Rail,244.7,6.63,8.0,1.65,7.9,73784.42,1,nan
SH00900,2024-02-18,D,S07,C4,Electronics,0,North,Rail,255.7,17.34,9.5,1.67,8.0,74539.73,1,
SH00901,2024-05-12,A,S05,C2,Clothing,0,South,Road,436.1,10.39,12.3,1.69,5.0,40937.6,1,nan
SH00902,2024-02-11,B,S10,C3,Electronics,0,North,Air,215.0,7.4,8.0,1.62,7.2,69832.23,0,
SH00903,2024-02-11,D,S06,C3,Clothing,0,South,Air,486.5,6.88,9.8,1.69,3.8,37294.04,0,
SH00904,2024-01-21,C,S04,C3,Electronics,0,South,Air,427.4,17.45,8.0,1.71,2.2,101703.08,1,Driver delay
SH00905,2024-02-18,D,S12,C1,Clothing,0,North,Road,328.0,4.21,10.6,1.61,5.0,45378.4,1,
SH00906,2024-05-12,B,S09,C4,Clothing,0,West,Rail,384.0,0.94,26.5,1.68,4.0,34257.51,0,Damaged carton
SH00907,2024-02-25,B,S04,C2,Grocery,0,South,Road,463.5,19.16,13.0,1.63,5.6,56485.05,1,
SH00908,2024-03-10,D,S01,C1,Clothing,0,North,Road,285.6,9.25,17.3,1.76,11.3,43764.35,0,
SH00909,2024-05-19,D,S07,C2,Electronics,0,North,Road,297.7,12.66,12.4,1.7,8.7,78752.97,0,Partial delivery
SH00910,2024-04-14,A,S07,C1,Clothing,1,North,Road,195.3,10.69,8.0,1.65,5.5,46477.81,1,Partial delivery
SH00911,2024-04-14,B,S04,C1,Electronics,0,South,Road,532.1,17.08,11.8,1.73,7.8,-1.0,1,Damaged carton
SH00912,2024-01-07,D,S03,C3,Grocery,0,East,Air,355.6,11.13,8.0,1.7,1.8,51678.8,0,Damaged carton
SH00913,2024-05-19,D,S08,C1,Frozen,0,North,Road,271.4,10.19,8.0,1.77,5.0,26191.95,1,
SH00914,2024-02-18,B,S05,C2,Grocery,0,South,Road,498.9,20.65,10.6,1.69,4.4,58229.16,1,Damaged carton
SH00915,2024-01-28,D,S10,C2,Clothing,1,North,Road,291.8,3.58,8.6,1.67,4.3,62770.29,1,nan
SH00916,2024-02-11,A,S07,C1,Electronics,0,North,Road,201.4,4.17,10.8,1.68,1.8,79486.35,0,nan
SH00917,2024-01-07,B,S04,C4,Electronics,1,South,Rail,451.6,17.46,23.6,1.76,3.0,121764.98,0,
SH00918,2024-02-04,A,S04,C1,Grocery,0,South,Road,520.1,11.52,13.5,1.75,3.9,46913.38,1,
SH00919,2024-01-07,A,S08,C2,Electronics,0,North,Road,192.9,,11.4,1.68,6.7,71427.78,0,nan
SH00920,2024-01-28,A,S08,C2,Grocery,0,North,Road,203.3,17.76,8.0,1.67,1.5,58252.06,1,Damaged carton
SH00921,2024-01-14,A,S02,C1,Grocery,1,North,Road,218.5,23.24,14.2,1.7,,80403.7,0,Damaged carton
SH00922,2024-03-10,B,S02,C1,Grocery,0,North,Road,220.9,10.52,8.0,1.73,,64723.68,1,Driver delay
SH00923,2024-02-04,A,S03,C3,Grocery,0,East,Air,301.7,19.66,9.7,1.83,6.5,52494.91,0,
SH00924,2024-03-10,A,S12,C4,Frozen,0,North,Rail,179.7,11.44,10.2,1.79,6.1,33879.5,1,Damaged carton
SH00925,2024-01-07,D,S12,C1,Frozen,0,North,Road,292.5,17.51,9.8,1.74,4.2,31397.78,1,nan
SH00926,2024-02-11,B,S03,C3,Grocery,1,East,Air,331.7,14.37,8.0,1.67,3.8,78682.94,0,Partial delivery
SH00927,2024-03-31,B,S01,C3,Clothing,0,North,Air,248.1,14.29,8.0,1.67,6.8,42599.7,0,
SH00928,2024-04-14,C,S03,C4,Grocery,0,East,Rail,238.6,14.4,8.0,1.68,,56038.13,0,
SH00929,2024-01-28,B,S06,C2,Clothing,0,South,Road,465.1,0.5,16.8,1.67,3.6,33187.49,0,
SH00930,2024-03-31,B,S08,C2,Clothing,0,North,Road,199.0,,8.7,1.68,3.5,38613.02,1,Driver delay
SH00931,2024-05-19,C,S12,C2,Frozen,1,North,Road,148.7,13.95,8.5,1.75,4.6,43759.77,1,
SH00932,2024-04-14,B,S10,C3,Electronics,0,North,Air,162.8,14.33,8.0,1.64,7.5,88687.67,0,
SH00933,2024-02-25,B,S06,C4,Clothing,0,South,Rail,480.8,2.97,17.4,1.72,1.6,45393.42,1,nan
SH00934,2024-02-04,B,S05,C1,Grocery,1,South,Road,474.0,13.05,10.4,1.69,7.6,66176.38,1,
SH00935,2024-04-14,B,S04,C2,Frozen,0,South,Road,494.5,18.84,23.8,1.71,4.8,27065.9,0,
SH00936,2024-01-28,C,S03,C4,Grocery,0,East,Rail,271.3,12.5,16.7,1.63,4.7,49557.9,0,
SH00937,2024-03-24,B,S04,C4,Electronics,0,South,Rail,527.7,9.28,18.7,1.82,,80564.41,1,
SH00938,2024-03-31,B,S07,C4,Clothing,0,North,Rail,317.8,7.37,10.9,1.67,4.1,41450.44,1,Damaged carton
SH00939,2024-01-14,C,S01,C3,Clothing,0,North,Air,204.1,,11.2,1.66,,34192.81,0,nan
SH00940,2024-05-12,D,S07,C2,Grocery,1,North,Road,266.4,15.0,8.0,1.67,6.6,62407.8,1,nan
SH00941,2024-05-12,A,S01,C3,Frozen,0,North,Air,185.2,11.29,8.0,1.62,4.6,29601.0,0,Damaged carton
SH00942,2024-01-28,D,S02,C3,Grocery,0,North,Air,306.1,19.34,12.3,1.68,1.9,33183.34,0,Damaged carton
SH00943,2024-01-28,C,S04,C1,Electronics,1,South,Road,369.5,6.42,13.8,1.69,2.1,116987.07,1,Partial delivery
SH00944,2024-03-17,A,S01,C2,Grocery,0,North,Road,190.5,12.56,8.0,1.74,7.5,51230.12,1,
SH00945,2024-02-04,C,S11,C3,Grocery,0,North,Air,162.9,22.91,8.0,1.76,5.0,51989.89,0,
SH00946,2024-05-19,C,S12,C1,Electronics,0,North,Road,187.5,11.95,13.8,1.77,4.9,73814.04,0,nan
SH00947,2024-03-17,B,S11,C3,Electronics,1,North,Air,258.4,17.07,8.0,1.7,6.9,113145.51,0,
SH00948,2024-03-10,A,S11,C3,Grocery,0,North,Air,177.7,21.14,10.2,1.71,3.5,43760.56,0,
SH00949,2024-02-25,B,S09,C4,Grocery,0,West,Rail,377.6,12.93,9.4,1.66,0.8,44938.89,1,Damaged carton
SH00950,2024-02-11,A,S12,C1,Electronics,1,North,Road,213.4,10.39,13.7,1.64,5.8,113801.95,0,Damaged carton
SH00951,2024-02-11,C,S06,C1,Clothing,0,South,Road,396.0,3.94,13.5,1.73,7.7,42142.97,1,
SH00952,2024-02-25,C,S01,C3,Frozen,0,North,Air,206.2,8.39,8.0,1.72,5.8,24250.8,1,
SH00953,2024-04-14,D,S01,C1,Grocery,1,North,Road,298.3,16.21,15.3,1.7,2.0,80379.37,0,
SH00954,2024-04-07,A,S06,C3,Grocery,0,South,Air,455.1,21.93,9.6,1.54,5.5,-1.0,0,Partial delivery
SH00955,2024-03-17,B,S04,C3,Grocery,0,South,Air,501.7,19.1,8.0,1.75,4.6,49005.55,0,
SH00956,2024-03-24,D,S04,C1,Grocery,1,South,Road,516.0,12.44,8.0,1.81,6.0,82031.18,1,Damaged carton
SH00957,2024-03-31,D,S11,C2,Clothing,0,North,Road,261.2,,9.6,1.68,3.7,27641.31,1,Partial delivery
SH00958,2024-02-25,D,S06,C2,Electronics,0,South,Road,517.3,,11.3,1.68,4.0,59524.87,1,nan
SH00959,2024-05-05,B,S12,C2,Grocery,1,North,Road,255.0,11.24,12.5,1.66,3.3,69308.85,0,
SH00960,2024-01-07,D,S11,C4,Grocery,1,North,Rail,286.0,20.85,16.1,1.71,4.1,40834.27,0,
SH00961,2024-04-14,B,S07,C4,Grocery,0,North,Rail,227.3,17.09,9.5,1.67,3.0,34673.8,1,Damaged carton
SH00962,2024-02-25,D,S09,C3,Clothing,0,West,Air,452.5,,8.0,1.66,5.6,47050.95,0,Driver delay
SH00963,2024-03-17,B,S10,C3,Frozen,0,North,Air,234.8,9.21,11.6,1.72,3.6,28160.07,0,
SH00964,2024-03-24,C,S05,C2,Grocery,0,South,Road,399.2,22.4,11.8,1.81,-1.0,66470.67,1,Damaged carton
SH00965,2024-03-24,C,S09,C4,Grocery,0,West,Rail,327.6,16.48,10.4,1.82,6.9,42239.23,1,
SH00966,2024-01-28,C,S04,C3,Frozen,0,South,Air,389.6,19.76,8.0,1.7,5.1,28566.83,1,
SH00967,2024-04-21,C,S10,C3,Frozen,0,North,Air,119.4,21.29,8.0,1.73,8.6,32432.84,0,Damaged carton
SH00968,2024-01-28,C,S02,C4,Electronics,0,North,Rail,169.8,14.09,8.0,1.71,-0.1,85658.34,1,
SH00969,2024-02-04,D,S03,C1,Grocery,0,East,Road,360.3,15.87,14.9,1.73,2.9,48088.25,0,nan
SH00970,2024-02-04,D,S11,C4,Grocery,0,North,Rail,272.4,8.01,8.0,1.76,4.5,45136.55,1,Partial delivery
SH00971,2024-02-25,D,S01,C1,Electronics,0,North,Road,251.0,11.25,8.0,1.63,5.8,82776.35,1,Damaged carton
SH00972,2024-03-10,B,S06,C2,Grocery,0,South,Road,526.3,26.37,14.4,1.73,,60326.64,1,Damaged carton
SH00973,2024-04-28,B,S06,C2,Grocery,0,South,Road,470.2,17.86,14.4,1.72,6.9,55721.07,1,Damaged carton
SH00974,2024-03-03,B,S01,C4,Electronics,0,North,Rail,227.0,2.04,17.4,1.73,3.7,72410.38,0,
SH00975,2024-05-12,B,S11,C4,Grocery,0,North,Rail,251.3,15.3,17.5,1.69,2.6,42561.71,0,nan
SH00976,2024-04-07,C,S03,C3,Clothing,0,East,Air,228.7,7.27,8.0,1.49,4.1,35843.27,1,nan
SH00977,2024-02-25,C,S05,C3,Grocery,1,South,Air,376.5,13.61,8.0,1.7,5.7,52581.01,1,
SH00978,2024-03-03,C,S03,C3,Grocery,0,East,Air,281.4,,8.0,1.71,1.2,51105.57,1,
SH00979,2024-03-17,A,S10,C4,Electronics,1,North,Rail,186.7,9.61,8.0,1.74,6.4,116695.06,0,
SH00980,2024-01-07,D,S03,C2,Grocery,0,East,Road,353.0,14.86,8.0,1.74,4.2,49464.95,1,Partial delivery
SH00981,2024-04-07,B,S10,C2,Frozen,0,North,Road,258.1,22.09,9.8,1.46,5.1,37738.95,1,Partial delivery
SH00982,2024-02-04,B,S03,C1,Electronics,1,East,Road,315.6,10.4,11.7,1.66,1.0,131696.47,1,nan
SH00983,2024-04-07,C,S05,C3,Grocery,0,South,Air,411.8,19.88,8.0,1.49,2.5,-1.0,1,Driver delay
SH00984,2024-01-28,B,S05,C3,Clothing,0,South,Air,463.1,7.52,8.0,1.69,3.3,44211.63,0,Damaged carton
SH00985,2024-01-07,B,S04,C2,Grocery,0,South,Road,499.1,18.37,11.0,1.77,1.4,43246.57,1,Partial delivery
SH00986,2024-05-12,D,S01,C1,Frozen,0,North,Road,320.0,8.39,9.2,1.65,5.7,28376.37,1,Partial delivery
SH00987,2024-02-25,C,S05,C4,Grocery,0,South,Rail,364.2,13.84,18.3,1.65,6.5,59542.03,0,Damaged carton
SH00988,2024-04-14,D,S10,C1,Electronics,0,North,Road,283.4,14.35,8.0,1.68,5.2,73048.73,1,Damaged carton
SH00989,2024-04-14,A,S05,C3,Grocery,0,South,Air,475.7,18.84,8.0,1.67,5.1,61155.35,0,Partial delivery
SH00990,2024-03-03,A,S04,C4,Electronics,0,South,Rail,437.4,8.41,15.3,1.66,4.2,93350.77,0,Partial delivery
SH00991,2024-03-03,A,S06,C2,Clothing,1,South,Road,416.1,,13.5,1.67,6.9,57862.67,1,Partial delivery
SH00992,2024-03-10,C,S10,C1,Clothing,0,North,Road,182.6,10.02,11.4,1.78,7.6,32963.83,0,Partial delivery
SH00993,2024-05-19,B,S04,C3,Grocery,0,South,Air,520.0,25.96,14.0,1.82,7.3,47660.1,0,Driver delay
SH00994,2024-03-03,C,S07,C4,Grocery,1,North,Rail,196.7,18.65,14.2,1.68,5.1,71281.04,0,Partial delivery
SH00995,2024-01-21,C,S07,C2,Clothing,0,North,Road,181.0,3.75,12.7,1.78,4.4,34085.51,0,Damaged carton
SH00996,2024-05-19,B,S02,C4,Frozen,0,North,Rail,242.9,14.54,10.0,1.81,9.3,29144.65,1,Partial delivery
SH00997,2024-03-17,D,S03,C1,Grocery,0,East,Road,353.0,20.43,8.0,1.77,,55640.98,1,Damaged carton
SH00998,2024-02-11,A,S01,C2,Electronics,0,North,Road,226.0,13.98,8.0,1.63,7.4,73181.93,1,
SH00999,2024-01-14,D,S08,C3,Grocery,0,North,Air,304.3,11.54,8.0,1.6,2.9,43651.59,0,
SH00131,2024-02-18,C,S04,C4,Grocery,0,South,Rail,445.2,15.92,18.8,1.61,3.7,44425.46,1,Damaged carton
SH00203,2024-02-18,A,S01,C3,Frozen,0,North,Air,121.4,14.95,9.5,1.64,5.6,35258.63,0,nan
SH00050,2024-02-25,C,S03,C1,Electronics,0,East,Road,227.6,14.14,8.0,1.68,3.7,-1.0,1,Driver delay
SH00585,2024-04-28,D,S05,C1,Frozen,0,South,Road,492.2,11.86,8.0,1.79,6.4,34130.74,1,nan
SH00138,2024-03-24,B,S01,C1,Grocery,1,North,Road,212.6,17.11,8.0,1.8,,66939.16,1,
