,Shipment_ID,Week,Warehouse_ID,Store_ID,Carrier,Product_Category,Weight_kg,Delivery_Time_hrs,Fuel_Price_EUR_per_litre,Temperature_C,Promo_Flag,On_Time_Flag,Weekly_Sales_EUR,Notes,Dispatch_Time,Planned_Arrival_Time,Actual_Arrival_Time
0,SH00000,2024-02-18,C,S07,C3,Frozen,19.06,29.3,1.67,2.7,0,1,64724.47,No issue,,,
1,SH00001,2024-05-19,B,S05,C3,Grocery,10.35,30.4,1.61,2.5,0,1,61723.79,No issue,,,
2,SH00002,2024-04-14,C,S07,C1,Clothing,14.93,34.7,1.63,4.9,1,1,54098.4,Partial delivery,,,
3,SH00003,2024-03-17,B,S03,C3,Electronics,11.06,29.8,1.76,4.9,0,0,60609.65,Damaged carton,,,
4,SH00004,2024-02-25,C,S12,C1,Grocery,3.41,27.3,1.69,-0.7,0,0,55689.16,No issue,,,
5,SH00005,2024-02-18,A,S02,C3,Grocery,10.95,33.5,1.62,7.3,0,1,49865.79,No issue,,,
6,SH00006,2024-05-12,D,S06,C3,Frozen,19.04,16.2,1.76,0.7,1,0,57866.21,Driver delay,,,
7,SH00007,2024-03-17,C,S02,C4,Grocery,15.015,27.7,1.77,4.7,0,0,73699.47,No issue,,,
8,SH00008,2024-03-17,C,S03,C1,Grocery,16.51,24.2,1.67,7.7,0,0,59091.23,No issue,,,
9,SH00009,2024-01-28,D,S06,C1,Grocery,7.88,27.8,1.71,9.4,0,1,55269.57,Partial delivery,,,
10,SH00010,2024-02-25,C,S05,C1,Frozen,18.65,17.0,1.75,4.3,0,0,38838.24,No issue,,,
11,SH00011,2024-01-21,C,S08,C1,Clothing,19.29,34.6,1.74,4.9,1,0,73238.13,No issue,,,
12,SH00012,2024-01-14,B,S09,C1,Clothing,13.97,26.8,1.7,7.6,0,0,30894.27,No issue,,,
13,SH00013,2024-03-24,D,S11,C4,Grocery,13.98,29.6,1.84,6.7,0,0,26409.05,Damaged carton,,,
14,SH00014,2024-02-11,A,S03,C1,Electronics,10.16,29.1,1.76,4.0,0,0,57571.91,No issue,,,
15,SH00015,2024-01-14,C,S12,C1,Electronics,15.015,34.3,1.65,3.8,0,0,38788.6,No issue,,,
16,SH00016,2024-01-07,D,S10,C3,Clothing,25.19,18.7,1.66,3.6,0,0,68336.49,Driver delay,,,
17,SH00017,2024-03-24,B,S03,C2,Frozen,14.25,40.1,1.64,4.3,1,0,26744.42,No issue,,,
18,SH00018,2024-03-24,A,S03,C3,Grocery,24.41,33.7,1.76,5.6,0,1,66427.1,Damaged carton,,,
19,SH00019,2024-04-28,D,S06,C1,Clothing,9.84,27.5,1.64,3.9,1,0,64314.73,Driver delay,,,
20,SH00020,2024-03-10,A,S01,C2,Grocery,18.15,23.2,1.66,4.1,0,0,53770.24,No issue,,,
21,SH00021,2024-04-21,A,S07,C1,Electronics,8.17,25.0,1.6949999999999998,6.3,0,1,20506.43,Partial delivery,,,
22,SH00022,2024-04-14,A,S12,C1,Grocery,18.14,26.0,1.72,4.9,0,0,26150.45,No issue,,,
23,SH00023,2024-04-14,C,S01,C4,Grocery,15.015,24.4,1.82,4.9,0,0,55599.03,Partial delivery,,,
24,SH00024,2024-05-12,C###,S05_err,C1,Grocery,13.12,27.2,1.78,1.6,1,0,48508.12,No issue,,,
25,SH00025,2024-03-24,B,S10,C2,Electronics,18.66,35.5,1.58,5.2,1,0,62909.95,No issue,,,
26,SH00026,2024-05-19,B,S08,C2,Grocery,12.19,25.0,1.69,1.1,0,0,50976.76,No issue,,,
27,SH00027,2024-01-21,D,S04,C2,Clothing,6.43,25.6,1.8,6.8,0,0,49672.29,No issue,,,
28,SH00028,2024-02-04,B,S05,C4,Electronics,19.57,30.3,1.58,2.4,0,0,15605.24,No issue,,,
29,SH00029,2024-05-12,A,S04,C1,Grocery,8.12,27.1,1.74,1.5,1,0,64336.48,No issue,,,
30,SH00030,2024-02-18,A,S12,C3,Clothing,18.1,21.4,1.7,4.3,1,0,42262.81,No issue,,,
31,SH00031,2024-03-03,C,S12,C4,Grocery,20.84,27.7,1.52,8.4,0,0,46026.91,No issue,,,
32,SH00032,2024-02-18,A,S04,C3,Electronics,12.75,27.5,1.71,6.4,0,0,35953.31,No issue,,,
33,SH00033,2024-05-05,D,S12,C4,Clothing,22.09,32.9,1.62,1.2,0,0,28893.83,No issue,,,
34,SH00034,2024-01-28,A,S08,C1,Grocery,17.89,23.1,1.58,2.3,0,0,74082.07,Driver delay,,,
35,SH00035,2024-04-07,A,S02,C2,Grocery,10.82,40.1,1.7,4.2,0,0,63932.32,No issue,,,
36,SH00036,2024-05-05,D,S01,C1,Grocery,23.41,27.5,1.51,9.5,0,0,64179.93,Driver delay,,,
37,SH00037,2024-03-03,B,S03,C3,Frozen,8.15,22.5,1.63,3.1,0,0,48752.34,Damaged carton,,,
38,SH00038,2024-01-14,B,S09,C4,Electronics,12.74,21.5,1.96,3.1,0,1,25931.16,No issue,,,
39,SH00039,2024-05-19,D,S04,C1,Clothing,13.76,37.7,1.77,8.1,1,1,83530.67,No issue,,,
40,SH00040,2024-04-14,C,S10,C3,Electronics,18.63,27.2,1.61,4.9,0,0,58334.37,Partial delivery,,,
41,SH00041,2024-02-18,A,S05,C1,Grocery,21.69,32.7,1.84,7.1,0,0,54051.84,Damaged carton,,,
42,SH00042,2024-03-24,D,S02,C3,Electronics,21.32,19.5,1.6,3.5,0,0,46613.0,Damaged carton,,,
43,SH00043,2024-02-25,A,S04,C2,Clothing,15.015,27.7,1.64,4.8,0,1,21331.66,Damaged carton,,,
44,SH00044,2024-04-14,C,S02,C4,Grocery,13.32,32.5,1.59,4.9,0,0,69123.38,No issue,,,
45,SH00045,2024-01-21,A,S02,C3,Grocery,4.04,26.7,1.73,4.7,0,0,36134.45,Driver delay,,,
46,SH00046,2024-04-07,D,S04,C2,Grocery,15.06,26.5,1.84,7.2,0,0,60198.54,Damaged carton,,,
47,SH00047,2024-04-28,A,S06,C1,Electronics,25.6,31.7,1.6,5.8,0,0,63562.51,No issue,,,
48,SH00048,2024-01-28,B,S07,C1,Frozen,3.98,31.4,1.49,2.9,0,1,57012.36,No issue,,,
49,SH00049,2024-05-05,C,S10,C1,Grocery,10.29,28.9,1.81,5.0,0,0,59049.6,Partial delivery,,,
50,SH00050,2024-02-25,C,S03,C1,Electronics,21.87,27.7,1.86,7.0,0,0,72191.8,No issue,,,
51,SH00051,2024-01-28,C,S03,C4,Grocery,16.26,30.8,1.5,6.3,0,0,40113.77,Partial delivery,,,
52,SH00052,2024-01-14,D,S10,C3,Frozen,20.57,19.3,1.75,4.9,0,0,54467.54,No issue,,,
53,SH00053,2024-02-11,C,S06,C2,Grocery,18.26,40.1,1.72,1.2,0,0,48623.42,No issue,,,
54,SH00054,2024-03-10,B,S12,C1,Electronics,23.82,19.8,1.6949999999999998,1.4,0,0,24406.52,No issue,,,
55,SH00055,2024-01-28,D,S03,C4,Clothing,16.77,31.0,1.56,1.8,0,0,56295.0,Partial delivery,,,
56,SH00056,2024-05-05,B,S02,C3,Clothing,15.015,24.6,1.8,4.0,1,0,70768.76,No issue,,,
57,SH00057,2024-03-24,A,S08,C1,Electronics,10.65,40.1,1.72,4.2,0,0,72645.01,Damaged carton,,,
58,SH00058,2024-01-14,A,S05,C3,Grocery,18.52,24.0,1.73,4.9,0,0,79862.16,No issue,,,
59,SH00059,2024-03-10,A,S01,C2,Grocery,12.62,28.7,1.64,7.0,0,0,25394.21,Driver delay,,,
60,SH00060,2024-01-28,A,S03,C1,Grocery,12.28,27.0,1.62,2.5,0,0,76429.42,Damaged carton,,,
61,SH00061,2024-04-07,B,S10,C2,Grocery,15.015,22.1,1.6949999999999998,2.3,0,0,54772.6,Damaged carton,,,
62,SH00062,2024-04-21,D,S08,C2,Electronics,20.41,19.5,1.68,5.2,0,0,76008.44,No issue,,,
63,SH00063,2024-04-14,D,S04,C1,Grocery,25.13,28.4,1.84,6.9,0,0,46078.26,No issue,,,
64,SH00064,2024-02-25,C,S07,C4,Grocery,24.74,25.1,1.61,9.1,1,0,44037.99,No issue,,,
65,SH00065,2024-04-07,B,S10,C4,Clothing,20.5,26.7,1.55,6.2,0,0,33770.91,No issue,,,
66,SH00066,2024-02-25,A,S12,C3,Frozen,14.25,27.2,1.74,8.2,0,0,63639.66,No issue,,,
67,SH00067,2024-04-21,B,S02,C2,Electronics,25.97,30.2,1.76,4.9,1,0,59717.14,No issue,,,
68,SH00068,2024-03-31,C,S07,C2,Grocery,20.51,32.2,1.64,9.3,0,0,35244.86,No issue,,,
69,SH00069,2024-05-05,C,S05,C3,Grocery,10.4,28.7,1.67,1.3,0,1,19537.95,Partial delivery,,,
70,SH00070,2024-04-14,B,S05,C2,Frozen,19.37,26.4,1.73,4.0,0,0,58228.68,No issue,,,
71,SH00071,2024-03-31,B,S06,C1,Grocery,8.78,28.1,1.68,6.1,0,1,59937.56,No issue,,,
72,SH00072,2024-03-03,B,S09,C2,Grocery,18.71,26.3,1.8,1.8,0,0,37195.73,No issue,,,
73,SH00073,2024-04-14,D,S06,C4,Electronics,7.1,19.8,1.94,3.1,0,0,34182.57,No issue,,,
74,SH00074,2024-03-31,A,S12,C2,Electronics,10.15,33.5,1.53,2.8,0,0,61838.02,No issue,,,
75,SH00075,2024-01-07,B,S08,C1,Electronics,19.26,32.5,1.6949999999999998,4.4,0,0,79845.91,No issue,,,
76,SH00076,2024-02-18,B,S07,C3,Grocery,15.06,27.7,1.71,7.8,1,0,44575.15,Partial delivery,,,
77,SH00077,2024-03-03,B,S09,C1,Grocery,16.95,39.4,1.84,5.0,0,0,38805.42,Driver delay,,,
78,SH00078,2024-01-07,C,S04,C1,Frozen,13.28,22.1,1.77,4.1,0,0,56482.88,No issue,,,
79,SH00079,2024-03-24,C,S02,C1,Grocery,2.31,26.3,1.71,-0.8,1,0,61528.8,No issue,,,
80,SH00080,2024-02-25,D,S07,C2,Clothing,13.75,40.1,1.78,5.9,0,0,46535.65,Damaged carton,,,
81,SH00081,2024-03-17,A,S06,C3,Clothing,18.2,27.8,1.66,6.6,0,0,82376.37,No issue,,,
82,SH00082,2024-05-12,D,S01,C2,Electronics,13.1,29.2,1.62,1.6,0,0,65525.28,Damaged carton,,,
83,SH00083,2024-04-28,A,S11,C1,Grocery,14.86,20.4,1.6949999999999998,4.9,0,0,46280.94,Partial delivery,,,
84,SH00084,2024-02-25,C,S09,C4,Grocery,13.89,28.8,1.62,5.4,0,0,28112.76,No issue,,,
85,SH00085,2024-01-21,C,S09,C4,Electronics,13.07,27.7,1.76,4.9,0,0,71791.33,Damaged carton,,,
86,SH00086,2024-01-21,C,S12,C4,Frozen,15.46,27.7,1.7,4.9,1,0,69878.97,Partial delivery,,,
87,SH00087,2024-01-07,D,S02,C1,Frozen,13.36,25.0,1.47,3.2,1,0,47458.71,No issue,,,
88,SH00088,2024-02-04,B,S03,C2,Grocery,23.66,26.0,1.64,4.1,1,0,57258.63,Partial delivery,,,
89,SH00089,2024-03-10,B,S05,C4,Grocery,1.76,40.1,1.73,7.6,1,0,49742.95,No issue,,,
90,SH00090,2024-02-18,C,S05,C3,Frozen,11.72,23.7,1.66,7.1,0,0,59808.98,No issue,,,
91,SH00091,2024-03-03,B,S01,C1,Clothing,9.78,18.4,1.45,5.0,0,1,36625.76,No issue,,,
92,SH00092,2024-02-18,B,S08,C1,Frozen,16.31,27.6,1.83,7.0,1,0,34487.21,Partial delivery,,,
93,SH00093,2024-03-03,D,S12,C2,Grocery,15.46,35.6,1.72,0.3,0,0,64162.96,No issue,,,
94,SH00094,2024-02-25,A_err,S08###,C4,Electronics,24.73,29.8,1.74,6.6,1,0,66064.22,No issue,,,
95,SH00095,2024-03-24,C,S04,C2,Clothing,26.71,34.8,1.65,2.8,0,0,44638.12,Damaged carton,,,
96,SH00096,2024-01-14,C,S07,C2,Clothing,10.36,33.4,1.75,8.5,0,0,40763.18,No issue,,,
97,SH00097,2024-01-07,D,S11,C1,Electronics,15.0,25.3,1.88,2.9,0,0,69213.5,No issue,,,
98,SH00098,2024-04-21,D,S10,C3,Grocery,16.18,40.1,1.63,3.3,1,0,41271.06,No issue,,,
99,SH00099,2024-02-04,B,S03,C4,Electronics,10.21,24.4,1.87,6.1,0,1,52831.17,No issue,,,
100,SH00100,2024-01-21,C,S06,C2,Grocery,18.77,19.4,1.6949999999999998,4.9,0,0,50928.78,Partial delivery,,,
101,SH00101,2024-03-24,A,S10,C3,Electronics,14.86,27.7,1.61,4.1,0,0,29996.41,No issue,,,
102,SH00102,2024-02-25,D,S10,C4,Frozen,8.59,16.1,1.92,5.7,0,0,54881.71,No issue,,,
103,SH00103,2024-01-21,A,S12,C1,Grocery,13.32,31.0,1.74,6.0,0,0,53416.1,No issue,,,
104,SH00104,2024-01-07,A,S09,C2,Clothing,9.01,28.4,1.77,5.8,0,0,57402.87,No issue,,,
105,SH00105,2024-01-21,C,S01,C1,Grocery,21.22,30.4,1.67,4.9,0,0,54373.46,Damaged carton,,,
106,SH00106,2024-02-04,C,S05,C3,Clothing,15.015,33.3,1.62,6.0,0,0,84035.31,No issue,,,
107,SH00107,2024-04-14,D,S04,C3,Frozen,16.47,29.0,1.72,7.8,0,0,69425.17,Partial delivery,,,
108,SH00108,2024-04-07,C,S08,C3,Grocery,15.015,36.2,1.86,2.5,0,0,52582.14,No issue,,,
109,SH00109,2024-01-21,C,S11,C3,Grocery,15.91,31.1,1.67,4.9,0,0,53953.59,No issue,,,
110,SH00110,2024-01-07,C,S12,C2,Electronics,22.09,24.2,1.7,5.1,0,0,78454.29,Driver delay,,,
111,SH00111,2024-02-04,A,S01,C4,Grocery,21.96,26.8,1.85,2.9,1,1,64946.32,No issue,,,
112,SH00112,2024-04-07,D,S09,C2,Clothing,14.31,16.7,1.67,1.4,0,0,33564.96,No issue,,,
113,SH00113,2024-02-18,B,S06,C1,Frozen,16.52,23.5,1.75,7.2,0,0,66234.22,No issue,,,
114,SH00114,2024-03-03,A,S04,C3,Electronics,18.92,26.1,1.79,0.5,0,0,70642.02,No issue,,,
115,SH00115,2024-04-14,C,S12,C3,Grocery,8.17,30.7,1.68,4.9,0,0,76265.76,No issue,,,
116,SH00116,2024-04-14,A,S09,C2,Electronics,22.28,24.2,1.73,4.9,0,0,45977.62,Damaged carton,,,
117,SH00117,2024-03-10,C,S11,C4,Clothing,25.41,21.8,1.77,5.5,0,1,44883.24,Damaged carton,,,
118,SH00118,2024-03-31,C,S05,C4,Grocery,21.99,18.6,1.6949999999999998,4.2,0,0,37872.77,No issue,,,
119,SH00119,2024-05-12,A,S05,C1,Electronics,7.53,25.0,1.78,2.8,0,1,56621.91,No issue,,,
120,SH00120,2024-02-18,D,S12,C4,Electronics,3.18,27.7,1.65,5.7,0,0,62993.01,Driver delay,,,
121,SH00121,2024-04-28,C,S05,C1,Electronics,19.25,29.4,1.63,3.0,0,0,44300.06,No issue,,,
122,SH00122,2024-05-19,D,S01,C1,Grocery,10.44,32.7,1.55,5.5,0,0,49872.77,Driver delay,,,
123,SH00123,2024-01-28,B,S01,C1,Clothing,16.72,23.5,1.65,5.3,0,0,21194.23,No issue,,,
124,SH00124,2024-02-04,C,S08,C4,Grocery,24.21,20.1,1.62,5.3,0,0,74641.74,No issue,,,
125,SH00125,2024-02-18,D_err,S12###,C3,Grocery,11.06,21.9,1.66,3.7,1,0,28525.35,No issue,,,
126,SH00126,2024-03-31,D,S08,C1,Frozen,12.73,27.5,1.76,4.9,0,0,57621.7,No issue,,,
127,SH00127,2024-04-14,B,S12,C2,Clothing,16.66,18.0,1.53,5.7,0,1,55573.82,Partial delivery,,,
128,SH00128,2024-03-17,D,S06,C3,Grocery,15.015,23.0,1.5,4.4,0,0,52687.12,Partial delivery,,,
129,SH00129,2024-01-28,D,S12,C1,Grocery,10.45,25.1,1.63,5.5,1,0,53031.95,Driver delay,,,
130,SH00130,2024-03-31,B,S11,C4,Grocery,15.15,21.4,1.75,3.5,0,0,36823.28,Partial delivery,,,
131,SH00131,2024-02-18,C,S04,C4,Grocery,13.2,27.7,1.73,4.2,0,0,47079.02,No issue,,,
132,SH00132,2024-05-12,D,S02,C2,Grocery,18.65,29.4,1.62,9.8,0,0,66534.26,No issue,,,
133,SH00133,2024-01-14,D,S02,C4,Grocery,31.6,28.2,1.82,4.9,1,1,70977.33,Partial delivery,,,
134,SH00134,2024-03-10,D,S09,C2,Electronics,15.59,31.9,1.63,4.8,1,0,45686.49,No issue,,,
135,SH00135,2024-03-31,A,S05,C4,Clothing,9.95,22.4,1.75,4.1,1,0,28593.71,No issue,,,
136,SH00136,2024-02-11,B,S04,C3,Electronics,14.86,27.7,1.6949999999999998,2.9,0,0,40319.89,No issue,,,
137,SH00137,2024-03-24,A,S10,C3,Clothing,15.015,40.1,1.61,5.8,0,0,79790.46,No issue,,,
138,SH00138,2024-03-24,B,S01,C1,Grocery,6.67,27.7,1.64,5.1,0,0,41212.83,No issue,,,
139,SH00139,2024-05-19,C,S07,C4,Frozen,11.43,25.0,1.77,6.8,0,0,50541.94,No issue,,,
140,SH00140,2024-03-17,C,S03,C2,Clothing,13.3,28.7,1.74,6.6,1,0,73238.69,No issue,,,
141,SH00141,2024-02-18,D,S06,C1,Clothing,11.29,24.7,1.8,6.8,0,0,44096.56,No issue,,,
142,SH00142,2024-01-07,B,S05,C1,Clothing,14.81,23.9,1.74,3.2,0,0,49516.97,No issue,,,
143,SH00143,2024-01-07,C,S05,C3,Frozen,16.65,31.4,1.54,6.3,0,0,63917.47,Driver delay,,,
144,SH00144,2024-05-19,B,S11,C2,Electronics,21.41,27.3,1.91,6.3,0,0,77677.1,No issue,,,
145,SH00145,2024-03-31,C,S05,C3,Grocery,15.55,27.7,1.74,3.0,0,0,42316.72,No issue,,,
146,SH00146,2024-03-03,A,S01,C4,Electronics,11.63,25.8,1.75,4.4,0,0,72881.43,No issue,,,
147,SH00147,2024-01-21,C,S01,C1,Clothing,21.09,26.3,1.66,4.9,0,0,47777.07,No issue,,,
148,SH00148,2024-02-18,A,S03,C3,Clothing,10.09,25.2,1.81,6.3,0,0,38711.07,Driver delay,,,
149,SH00149,2024-02-11,C,S12,C1,Electronics,5.2,22.4,1.59,6.3,0,0,55743.35,No issue,,,
150,SH00150,2024-02-25,D,S10,C4,Grocery,22.24,32.1,1.76,7.9,0,0,34636.48,No issue,,,
151,SH00151,2024-03-03,A,S04,C4,Grocery,21.85,27.7,1.49,4.5,0,0,59080.17,No issue,,,
152,SH00152,2024-02-04,C,S05,C2,Frozen,10.25,26.1,1.77,5.9,0,0,99244.72,No issue,,,
153,SH00153,2024-01-07,D,S02,C3,Electronics,12.61,24.6,1.59,7.0,0,0,68584.01,No issue,,,
154,SH00154,2024-05-12,A,S08,C2,Electronics,14.86,24.3,1.73,3.5,0,0,50426.51,No issue,,,
155,SH00155,2024-03-10,D,S11,C2,Grocery,16.96,24.6,1.84,3.2,0,0,67783.03,Partial delivery,,,
156,SH00156,2024-03-24,B,S11,C4,Grocery,25.39,27.7,1.78,3.6,0,1,38027.17,Damaged carton,,,
157,SH00157,2024-04-14,B,S02,C2,Frozen,19.22,24.4,1.82,4.3,1,0,40544.88,Driver delay,,,
158,SH00158,2024-03-03,A,S09,C2,Clothing,21.21,40.1,1.81,3.3,1,0,50842.53,No issue,,,
159,SH00159,2024-05-19,C,S02,C2,Clothing,19.92,21.8,1.65,3.6,1,0,53316.72,No issue,,,
160,SH00160,2024-04-28,A,S09,C4,Electronics,15.0,29.5,1.76,6.8,0,0,32600.46,No issue,,,
161,SH00161,2024-04-28,D,S07,C2,Electronics,21.5,27.7,1.53,4.8,1,0,47402.84,No issue,,,
162,SH00162,2024-05-19,C,S08,C1,Grocery,19.47,22.3,1.63,5.6,1,1,49831.17,Partial delivery,,,
163,SH00163,2024-03-24,B,S11,C3,Clothing,23.64,23.5,1.84,3.9,1,0,75129.59,No issue,,,
164,SH00164,2024-02-18,C,S02,C4,Electronics,12.24,27.7,1.66,3.8,0,1,32599.82,No issue,,,
165,SH00165,2024-01-14,B,S07,C1,Electronics,4.57,28.2,1.51,5.6,0,0,31209.27,Partial delivery,,,
166,SH00166,2024-01-21,C,S12,C1,Electronics,21.27,28.5,1.9,4.9,1,0,54635.63,No issue,,,
167,SH00167,2024-04-28,C,S06,C1,Frozen,17.1,28.5,1.76,6.6,0,0,69263.15,No issue,,,
168,SH00168,2024-02-04,C,S04,C2,Grocery,13.22,35.0,1.78,7.6,0,0,60273.9,No issue,,,
169,SH00169,2024-04-28,D,S07,C2,Clothing,13.56,22.8,1.6,3.6,1,0,56540.15,No issue,,,
170,SH00170,2024-04-28,D-X,S04-X,C3,Grocery,30.33,26.0,1.73,6.7,0,0,47670.88,No issue,,,
171,SH00171,2024-04-28,A,S02,C3,Electronics,11.15,27.2,1.73,2.8,0,0,62141.57,No issue,,,
172,SH00172,2024-01-14,A,S10,C3,Grocery,15.06,19.4,1.62,4.9,0,0,64403.34,Damaged carton,,,
173,SH00173,2024-01-14,B,S12,C2,Grocery,15.015,23.4,1.68,3.4,1,0,48140.34,Driver delay,,,
174,SH00174,2024-02-04,D,S07,C4,Electronics,15.015,27.7,1.6949999999999998,6.4,0,0,37770.63,Damaged carton,,,
175,SH00175,2024-01-07,B,S08,C2,Grocery,28.67,31.8,1.67,2.8,0,0,37868.17,Damaged carton,,,
176,SH00176,2024-01-07,A,S02,C4,Electronics,18.94,32.7,1.8,4.7,0,0,65181.01,No issue,,,
177,SH00177,2024-05-12,B,S05,C3,Frozen,14.25,25.1,1.63,8.1,0,0,28835.9,Damaged carton,,,
178,SH00178,2024-01-14,A,S01,C1,Grocery,26.83,25.7,1.89,4.9,0,0,77155.89,Partial delivery,,,
179,SH00179,2024-03-24,D,S07,C3,Clothing,14.88,19.1,1.56,9.4,1,1,45158.11,No issue,,,
180,SH00180,2024-02-11,C,S08,C2,Electronics,9.97,32.7,1.67,5.0,1,0,56642.98,No issue,,,
181,SH00181,2024-01-28,D,S06,C3,Clothing,8.52,33.5,1.63,7.0,0,0,62525.65,Partial delivery,,,
182,SH00182,2024-03-17,B,S05,C1,Grocery,15.015,33.4,1.6949999999999998,4.9,0,0,41744.71,Damaged carton,,,
183,SH00183,2024-04-28,B,S06,C1,Grocery,16.43,36.0,1.84,5.9,0,1,45101.53,No issue,,,
184,SH00184,2024-02-11,D,S02,C4,Grocery,17.07,30.1,1.6,2.1,0,0,53979.55,Partial delivery,,,
185,SH00185,2024-02-04,D,S01,C1,Grocery,22.72,35.8,1.65,4.1,0,0,39194.19,No issue,,,
186,SH00186,2024-05-19,A,S07,C4,Grocery,10.19,40.1,1.77,7.4,1,0,35985.37,No issue,,,
187,SH00187,2024-01-14,B,S07,C1,Clothing,23.2,19.2,1.71,4.3,1,0,37333.27,Partial delivery,,,
188,SH00188,2024-02-11,B,S10,C3,Frozen,11.89,32.3,1.72,5.3,0,0,70137.19,No issue,,,
189,SH00189,2024-03-17,D,S11,C3,Clothing,27.98,40.1,1.6,1.9,0,0,57968.87,No issue,,,
190,SH00190,2024-04-21,C,S10,C2,Clothing,18.59,28.9,1.69,3.9,0,0,40102.49,Partial delivery,,,
191,SH00191,2024-04-21,B,S02,C2,Grocery,15.06,32.8,1.81,4.9,0,1,65091.39,No issue,,,
192,SH00192,2024-01-07,C,S02,C1,Grocery,2.85,40.1,1.54,2.4,0,0,40933.67,No issue,,,
193,SH00193,2024-03-03,D,S01,C1,Grocery,19.85,39.4,1.63,6.4,1,0,22743.82,No issue,,,
194,SH00194,2024-02-11,D,S10,C2,Grocery,12.75,18.2,1.52,5.4,1,0,62452.13,Partial delivery,,,
195,SH00195,2024-04-21,A,S08,C3,Electronics,14.07,27.7,1.75,4.5,0,0,76693.46,Partial delivery,,,
196,SH00196,2024-01-21,B,S08,C4,Electronics,19.6,28.1,1.82,4.4,1,0,60370.6,Driver delay,,,
197,SH00197,2024-05-19,C,S01,C4,Grocery,21.06,21.3,1.68,4.0,0,0,23689.95,No issue,,,
198,SH00198,2024-01-28,A,S12,C3,Grocery,22.34,22.2,1.6,4.2,0,0,51646.67,No issue,,,
199,SH00199,2024-05-12,B,S11,C3,Clothing,14.265,23.8,1.6,6.9,0,0,47881.33,No issue,INVALID_DATE,INVALID_DATE,INVALID_DATE
200,SH00200,2024-01-21,A,S08,C3,Clothing,23.56,22.5,1.67,4.1,0,0,57673.18,Damaged carton,,,
201,SH00201,2024-05-12,D,S09,C1,Grocery,11.53,27.5,1.67,8.6,1,1,39290.96,No issue,,,
202,SH00202,2024-05-19,B,S04,C4,Frozen,1.46,25.0,1.79,5.6,0,0,46997.84,No issue,,,
203,SH00203,2024-02-18,A,S01,C3,Frozen,7.93,27.7,1.63,3.8,0,0,30698.76,No issue,,,
204,SH00204,2024-05-19,A,S01,C3,Grocery,16.31,31.2,1.74,6.9,0,0,55326.56,No issue,,,
205,SH00205,2024-03-03,C,S03,C1,Grocery,9.13,30.9,1.67,6.2,0,0,31256.56,Partial delivery,,,
206,SH00206,2024-01-07,A,S05,C2,Electronics,14.47,25.9,1.63,1.7,0,0,58561.37,Partial delivery,,,
207,SH00207,2024-02-25,B,S05,C2,Frozen,17.03,29.4,1.67,2.9,0,0,40741.79,Partial delivery,,,
208,SH00208,2024-02-18,B,S09,C4,Frozen,13.91,33.2,1.73,4.8,0,0,4878.78,No issue,,,
209,SH00209,2024-05-05,C,S10,C2,Grocery,12.03,27.7,1.79,1.8,0,0,63906.37,Damaged carton,,,
210,SH00210,2024-02-25,B,S12,C2,Grocery,15.06,27.7,1.67,9.2,0,0,59410.6,No issue,,,
211,SH00211,2024-01-07,D,S02,C4,Electronics,15.13,27.7,1.58,6.6,0,0,72294.13,No issue,,,
212,SH00212,2024-03-17,B,S02,C1,Electronics,2.61,36.6,1.8,4.9,0,0,20648.22,Partial delivery,,,
213,SH00213,2024-05-05,B,S06,C2,Grocery,10.88,16.1,1.61,4.3,0,0,42181.76,Partial delivery,,,
214,SH00214,2024-03-10,A,S09,C1,Frozen,9.43,28.5,1.73,3.8,1,1,53973.89,Damaged carton,,,
215,SH00215,2024-01-21,A,S01,C3,Clothing,13.56,26.4,1.7,1.1,0,0,60575.59,Partial delivery,,,
216,SH00216,2024-02-18,B###,S09-X,C4,Clothing,13.72,27.4,1.68,1.5,0,0,30056.74,Partial delivery,,,
217,SH00217,2024-04-21,C,S09,C1,Frozen,20.76,24.0,1.65,8.8,0,1,58471.9,No issue,,,
218,SH00218,2024-04-21,A,S09,C4,Clothing,24.5,30.0,1.76,8.1,0,0,43423.35,Partial delivery,,,
219,SH00219,2024-05-19,C,S05,C1,Electronics,8.29,19.0,1.34,3.8,0,0,24173.82,Driver delay,,,
220,SH00220,2024-04-28,B,S09,C4,Electronics,26.96,30.0,1.81,6.8,0,0,40739.79,No issue,,,
221,SH00221,2024-01-14,B,S11,C3,Grocery,10.32,27.7,1.61,6.0,0,0,59715.66,Partial delivery,,,
222,SH00222,2024-01-07,D,S04,C4,Clothing,16.04,25.5,1.74,6.2,0,0,24800.53,No issue,,,
223,SH00223,2024-04-21,A,S02,C1,Grocery,18.07,30.2,1.74,2.1,0,1,61555.78,No issue,,,
224,SH00224,2024-03-24,B,S06,C4,Clothing,29.67,28.4,1.83,1.4,0,0,56250.67,Driver delay,,,
225,SH00225,2024-02-04,D,S04,C3,Grocery,11.75,33.3,1.72,7.4,0,0,48192.11,Driver delay,,,
226,SH00226,2024-02-04,A,S06,C2,Grocery,4.22,23.2,1.62,1.0,0,0,27472.04,No issue,,,
227,SH00227,2024-03-03,B,S03,C4,Grocery,23.94,27.6,1.54,4.7,0,1,28675.77,Partial delivery,,,
228,SH00228,2024-03-03,B,S06,C1,Grocery,10.0,32.4,1.6949999999999998,4.3,0,0,46022.78,No issue,,,
229,SH00229,2024-01-21,A,S02,C4,Clothing,12.83,27.7,1.5,4.1,0,0,35125.9,No issue,,,
230,SH00230,2024-05-12,A,S02,C1,Clothing,8.29,30.1,1.6949999999999998,5.6,0,0,46993.62,No issue,,,
231,SH00231,2024-04-21,A,S09,C3,Electronics,12.85,33.5,1.67,3.6,0,0,65592.73,No issue,,,
232,SH00232,2024-04-21,B,S07,C2,Grocery,9.96,26.0,1.63,4.9,0,1,47904.68,No issue,,,
233,SH00233,2024-01-21,B,S03,C1,Grocery,19.06,40.1,1.7,5.3,1,0,47493.33,Partial delivery,,,
234,SH00234,2024-05-19,D,S11,C1,Grocery,15.48,30.9,1.68,9.2,0,0,47505.21,No issue,,,
235,SH00235,2024-01-07,C,S01,C1,Grocery,15.06,27.7,1.67,2.2,0,0,67201.03,No issue,,,
236,SH00236,2024-05-19,A,S08,C2,Frozen,20.98,33.6,1.46,5.1,0,0,71400.55,Damaged carton,,,
237,SH00237,2024-03-17,B,S06,C2,Grocery,16.53,29.8,1.57,4.9,0,0,58329.01,No issue,,,
238,SH00238,2024-04-28,B,S07,C3,Grocery,3.92,24.9,1.76,4.5,0,0,54048.87,No issue,,,
239,SH00239,2024-02-25,A,S09,C1,Grocery,20.52,29.7,1.6949999999999998,2.3,0,0,55443.44,No issue,,,
240,SH00240,2024-01-28,C,S05,C1,Grocery,16.11,23.5,1.52,7.5,0,0,73419.28,No issue,,,
241,SH00241,2024-02-11,A,S01,C3,Electronics,23.34,32.7,1.62,5.7,0,1,59143.79,Driver delay,,,
242,SH00242,2024-02-25,C-X,S12 ,C1,Electronics,15.74,21.0,1.6949999999999998,2.5,0,0,74836.58,No issue,,,
243,SH00243,2024-05-19,B,S10,C4,Grocery,10.25,27.7,1.63,5.9,0,1,45713.73,No issue,,,
244,SH00244,2024-01-21,C,S07,C4,Grocery,13.77,29.6,1.69,4.9,0,0,31966.46,No issue,,,
245,SH00245,2024-04-21,D,S05,C3,Grocery,19.82,27.2,1.84,4.9,0,0,41964.11,No issue,,,
246,SH00246,2024-01-21,B,S03,C3,Grocery,10.38,31.8,1.66,5.0,0,0,43558.05,Driver delay,,,
247,SH00247,2024-05-05,D,S12,C4,Grocery,12.36,30.6,1.65,8.1,0,0,76067.92,No issue,,,
248,SH00248,2024-04-07,A,S09,C1,Frozen,13.67,34.7,1.68,3.1,0,0,63046.21,Driver delay,,,
249,SH00249,2024-05-05,A,S01,C1,Electronics,15.015,34.6,1.89,8.5,0,0,42438.15,No issue,,,
250,SH00250,2024-01-14,A,S01,C1,Electronics,10.46,29.8,1.74,4.9,1,0,64126.17,Partial delivery,,,
251,SH00251,2024-01-21,C,S01,C3,Electronics,16.04,23.6,1.7,4.9,0,1,50056.28,No issue,,,
252,SH00252,2024-04-21,B,S03,C1,Electronics,22.21,25.3,1.65,4.9,0,0,76518.28,Damaged carton,,,
253,SH00253,2024-03-03,A,S12,C3,Electronics,16.9,27.6,1.75,4.0,1,0,46994.48,No issue,,,
254,SH00254,2024-01-28,A,S06,C4,Clothing,14.72,33.4,1.77,1.3,0,0,28916.66,No issue,,,
255,SH00255,2024-01-07,B,S10,C4,Clothing,10.01,25.7,1.59,5.5,0,0,49198.73,Partial delivery,,,
256,SH00256,2024-01-28,A,S11,C2,Grocery,21.57,26.1,1.77,3.2,1,0,47002.69,Damaged carton,,,
257,SH00257,2024-01-07,D,S03,C1,Electronics,17.6,37.2,1.68,5.6,0,0,31851.6,Partial delivery,,,
258,SH00258,2024-04-07,B,S08,C4,Electronics,10.76,27.5,1.7,2.4,0,0,60788.68,Partial delivery,,,
259,SH00259,2024-04-21,B,S10,C3,Frozen,20.39,24.8,1.61,4.9,0,0,73370.78,No issue,,,
260,SH00260,2024-05-19,B,S02,C1,Electronics,18.36,31.9,1.66,6.5,0,0,35162.74,Damaged carton,,,
261,SH00261,2024-02-25,D,S09,C1,Electronics,10.12,27.7,1.6,3.6,0,0,66590.66,Damaged carton,,,
262,SH00262,2024-02-18,B,S03,C4,Grocery,14.39,21.1,1.59,5.7,0,0,42900.54,No issue,,,
263,SH00263,2024-01-21,D,S05,C3,Electronics,12.04,40.1,1.74,5.2,1,0,51629.22,No issue,,,
264,SH00264,2024-04-28,B,S10,C4,Grocery,30.8,24.3,1.66,8.0,1,1,50053.42,Damaged carton,,,
265,SH00265,2024-01-07,C,S08,C4,Grocery,18.19,28.2,1.57,2.9,1,1,51629.34,Partial delivery,,,
266,SH00266,2024-04-21,A,S02,C3,Grocery,16.12,27.7,1.92,4.7,1,0,59096.24,No issue,,,
267,SH00267,2024-03-24,C,S06,C2,Clothing,17.84,29.2,1.59,3.7,1,0,36637.26,No issue,,,
268,SH00268,2024-05-12,A,S12,C2,Grocery,23.27,17.0,1.81,5.1,0,0,71399.5,No issue,,,
269,SH00269,2024-04-07,D,S05,C2,Grocery,14.5,26.3,1.55,6.1,0,1,59553.14,No issue,,,
270,SH00270,2024-02-11,C,S10,C2,Frozen,11.46,33.6,1.75,3.7,0,0,64533.74,No issue,,,
271,SH00271,2024-02-11,B-X,S09###,C3,Grocery,20.07,34.3,1.67,4.3,1,0,40299.01,No issue,,,
272,SH00272,2024-03-31,A,S12,C3,Electronics,13.95,23.0,1.64,6.9,0,1,35278.39,No issue,,,
273,SH00273,2024-05-12,A,S05,C4,Electronics,8.58,27.7,1.72,7.7,0,0,69740.7,No issue,,,
274,SH00274,2024-02-25,C,S02,C2,Grocery,15.06,27.7,1.71,6.0,0,0,34633.76,Partial delivery,,,
275,SH00275,2024-01-14,D,S05,C3,Clothing,24.18,26.1,1.62,4.9,0,1,54239.58,No issue,,,
276,SH00276,2024-01-07,C,S12,C3,Grocery,15.015,26.4,1.61,4.5,0,0,67284.94,No issue,,,
277,SH00277,2024-04-14,D,S04,C3,Electronics,11.46,28.5,1.54,6.1,0,1,50097.97,No issue,,,
278,SH00278,2024-01-07,D,S11,C3,Electronics,13.59,33.0,1.73,5.5,0,0,69551.16,Partial delivery,,,
279,SH00279,2024-02-04,A,S07,C1,Electronics,19.84,29.3,1.6949999999999998,1.7,0,1,47926.63,Driver delay,,,
280,SH00280,2024-04-21,C,S06,C2,Clothing,14.265,27.7,1.6949999999999998,6.1,0,0,32838.73,No issue,,,
281,SH00281,2024-05-12,C,S02,C1,Grocery,6.3,32.8,1.76,3.3,0,1,57612.59,No issue,,,
282,SH00282,2024-01-28,D,S12,C2,Grocery,16.96,24.0,1.72,2.2,0,0,54974.44,No issue,,,
283,SH00283,2024-01-21,C,S11,C2,Clothing,22.25,27.6,1.63,4.9,0,0,92319.64,No issue,,,
284,SH00284,2024-04-28,B,S11,C3,Electronics,21.85,33.0,1.79,4.6,0,0,37823.37,No issue,,,
285,SH00285,2024-04-28,B,S05,C4,Clothing,11.64,30.6,1.66,3.0,1,0,48222.29,No issue,,,
286,SH00286,2024-03-24,C,S07,C3,Clothing,22.62,25.7,1.57,0.3,0,0,41037.02,No issue,,,
287,SH00287,2024-04-07,C,S11,C3,Clothing,16.28,20.4,1.67,4.3,0,0,49862.73,Partial delivery,,,
288,SH00288,2024-02-11,D,S07,C2,Electronics,22.45,29.6,1.76,4.0,0,0,49257.96,Driver delay,,,
289,SH00289,2024-01-21,B,S05,C3,Grocery,18.44,20.1,1.63,4.7,0,0,38915.5,Damaged carton,,,
290,SH00290,2024-03-03,B,S12,C1,Clothing,5.87,40.1,1.79,3.7,1,0,59023.56,No issue,,,
291,SH00291,2024-02-04,A,S09,C1,Electronics,25.48,33.9,1.62,8.7,0,1,48787.84,No issue,,,
292,SH00292,2024-04-28,D,S04,C2,Grocery,15.31,31.0,1.64,6.0,0,0,72182.24,Damaged carton,,,
293,SH00293,2024-04-07,A,S11,C2,Frozen,18.46,40.1,1.6,4.0,0,0,42271.64,Driver delay,,,
294,SH00294,2024-01-21,B,S03,C1,Frozen,6.94,29.0,1.77,4.9,1,0,79920.6,No issue,,,
295,SH00295,2024-01-07,D,S04,C1,Electronics,18.03,26.4,1.69,7.8,0,0,56138.11,Driver delay,,,
296,SH00296,2024-05-19,C,S05,C1,Grocery,21.62,21.6,1.6,6.9,0,0,71070.0,No issue,,,
297,SH00297,2024-01-07,D,S06,C4,Grocery,15.015,29.7,1.66,2.2,0,0,53731.8,Damaged carton,,,
298,SH00298,2024-01-21,C,S03,C2,Clothing,23.4,25.5,1.6949999999999998,4.9,1,1,40290.18,Driver delay,,,
299,SH00299,2024-05-05,C,S02,C2,Frozen,18.33,27.7,1.78,3.4,0,0,48047.19,Damaged carton,,,
300,SH00300,2024-03-10,D,S04,C1,Grocery,5.73,28.6,1.68,4.1,0,0,31198.48,Partial delivery,,,
301,SH00301,2024-01-21,C,S05,C3,Grocery,15.79,24.9,1.46,4.9,0,0,50327.0,Driver delay,,,
302,SH00302,2024-02-25,A,S04,C1,Frozen,11.44,28.5,1.55,5.1,0,0,54581.39,No issue,,,
303,SH00303,2024-04-07,B,S11,C1,Grocery,16.41,25.0,1.66,6.5,0,0,52685.84,No issue,,,
304,SH00304,2024-05-05,C,S12,C2,Electronics,7.7,25.3,1.57,6.8,0,0,71952.36,Damaged carton,,,
305,SH00305,2024-04-14,A,S03,C1,Frozen,13.74,33.0,1.78,4.9,0,0,49762.99,No issue,,,
306,SH00306,2024-01-14,C,S08,C1,Grocery,11.9,33.5,1.74,1.7,1,0,23590.1,No issue,,,
307,SH00307,2024-03-10,B,S10,C1,Electronics,11.71,40.1,1.74,2.9,0,0,105160.98,Partial delivery,,,
308,SH00308,2024-01-14,A,S04,C1,Grocery,11.77,31.7,1.44,4.9,0,1,41640.87,No issue,,,
309,SH00309,2024-04-28,B,S02,C1,Grocery,14.18,35.0,1.65,2.5,0,0,66531.18,No issue,,,
310,SH00310,2024-02-25,B,S02,C2,Clothing,16.72,27.7,1.63,7.3,0,0,29436.3,No issue,,,
311,SH00311,2024-01-07,A,S01,C4,Electronics,0.5,30.6,1.6949999999999998,2.6,1,0,55678.18,No issue,,,
312,SH00312,2024-03-03,A,S04,C3,Frozen,0.74,22.7,1.66,6.2,0,0,40081.81,Damaged carton,,,
313,SH00313,2024-03-17,A,S10,C2,Electronics,12.97,31.1,1.59,1.6,0,1,9660.48,No issue,,,
314,SH00314,2024-04-21,D,S09,C1,Grocery,13.81,23.7,1.72,6.3,1,0,47757.85,No issue,,,
315,SH00315,2024-02-18,A,S11,C4,Grocery,16.13,26.3,1.78,4.7,0,0,51249.02,Driver delay,,,
316,SH00316,2024-03-10,A,S07,C2,Grocery,10.63,29.9,1.77,8.0,1,1,48716.71,No issue,,,
317,SH00317,2024-01-21,A,S12,C1,Grocery,15.06,27.7,1.69,2.7,0,0,55646.7,Damaged carton,,,
318,SH00318,2024-05-05,A,S10,C3,Grocery,15.76,40.1,1.6949999999999998,3.9,1,0,47957.38,Driver delay,,,
319,SH00319,2024-03-31,C,S07,C1,Grocery,15.06,27.7,1.81,4.3,0,0,53037.25,No issue,,,
320,SH00320,2024-02-18,D,S07,C2,Electronics,21.08,27.7,1.69,4.7,0,0,54551.68,Partial delivery,,,
321,SH00321,2024-01-28,B,S08,C2,Clothing,16.06,34.2,1.65,4.3,1,0,51472.33,Partial delivery,,,
322,SH00322,2024-03-31,A,S01,C4,Clothing,18.28,40.1,1.83,4.3,0,0,49438.36,Partial delivery,,,
323,SH00323,2024-05-19,C,S10,C2,Clothing,15.41,32.9,1.8,4.3,0,0,38595.2,Damaged carton,,,
324,SH00324,2024-01-07,C,S10,C3,Grocery,27.62,31.2,1.56,0.9,0,0,60916.68,No issue,,,
325,SH00325,2024-02-25,C,S08,C4,Grocery,18.58,30.2,1.81,7.0,1,0,47755.04,No issue,,,
326,SH00326,2024-04-07,B,S04,C1,Clothing,12.07,32.5,1.68,10.7,0,0,46542.61,Driver delay,,,
327,SH00327,2024-04-21,A,S04,C1,Electronics,19.93,27.7,1.61,5.6,1,0,59684.41,No issue,,,
328,SH00328,2024-04-07,D,S04,C2,Grocery,5.17,27.7,1.5,2.7,0,0,55179.37,No issue,,,
329,SH00329,2024-03-24,D,S06,C2,Clothing,15.72,27.6,1.67,2.9,0,1,41526.7,No issue,,,
330,SH00330,2024-05-12,C,S07,C2,Clothing,16.91,28.4,1.7,6.2,1,1,70759.88,No issue,,,
331,SH00331,2024-04-14,B,S06,C4,Electronics,15.79,25.7,1.86,5.8,0,1,34161.64,Partial delivery,,,
332,SH00332,2024-01-14,B,S01,C3,Grocery,13.0,30.6,1.8,4.4,0,1,36527.88,No issue,,,
333,SH00333,2024-01-14,B,S12,C3,Clothing,14.265,23.9,1.64,6.5,0,0,62025.31,No issue,,,
334,SH00334,2024-05-12,D-X,S08_err,C2,Electronics,10.26,25.3,1.74,0.9,0,0,78267.03,Driver delay,,,
335,SH00335,2024-04-28,C,S10,C4,Clothing,15.61,24.7,1.78,6.5,0,0,43338.97,No issue,,,
336,SH00336,2024-05-19,A,S11,C4,Clothing,8.32,27.7,1.71,5.5,1,0,58192.32,Driver delay,,,
337,SH00337,2024-03-10,D,S07,C4,Clothing,25.62,27.9,1.64,3.0,0,0,34114.55,Driver delay,,,
338,SH00338,2024-02-11,C,S06,C1,Electronics,0.5,27.7,1.65,2.1,0,0,38065.22,No issue,,,
339,SH00339,2024-04-14,C,S06,C3,Grocery,13.06,26.1,1.74,4.9,0,0,68982.97,Driver delay,,,
340,SH00340,2024-03-17,A,S05,C1,Clothing,15.66,28.0,1.74,7.8,0,1,57486.45,Driver delay,,,
341,SH00341,2024-02-04,A,S06,C1,Electronics,18.04,36.1,1.6949999999999998,4.5,0,0,69448.45,No issue,,,
342,SH00342,2024-01-07,A,S12,C1,Clothing,9.5,21.8,1.44,3.3,1,0,68294.63,No issue,,,
343,SH00343,2024-02-25,B,S09,C3,Grocery,21.81,31.4,1.6949999999999998,5.4,0,1,20656.75,Damaged carton,,,
344,SH00344,2024-03-24,A,S10,C3,Grocery,6.64,30.4,1.76,8.6,0,0,34060.68,No issue,,,
345,SH00345,2024-03-24,C,S09,C1,Frozen,11.6,23.6,1.49,5.9,0,0,56117.14,Partial delivery,,,
346,SH00346,2024-02-04,A,S10,C2,Clothing,18.72,27.7,1.82,6.1,0,0,26543.65,No issue,,,
347,SH00347,2024-02-18,C,S08,C2,Frozen,21.24,30.7,1.8,7.4,1,0,36185.42,Partial delivery,,,
348,SH00348,2024-01-28,D,S10,C2,Clothing,14.265,25.5,1.7,5.9,0,0,73404.51,Damaged carton,,,
349,SH00349,2024-02-11,B,S09,C1,Electronics,30.87,18.7,1.76,3.4,0,0,43876.51,Partial delivery,,,
350,SH00350,2024-03-31,D,S10,C2,Clothing,9.62,29.1,1.75,4.9,0,0,62654.48,Driver delay,,,
351,SH00351,2024-05-19,D,S08,C3,Frozen,14.25,27.8,1.69,3.2,0,0,51577.48,Damaged carton,,,
352,SH00352,2024-04-14,C,S08,C1,Electronics,18.02,27.7,1.56,4.9,0,1,41800.96,No issue,,,
353,SH00353,2024-01-21,D,S01,C1,Electronics,12.91,27.7,1.8,6.3,0,1,27036.86,Driver delay,,,
354,SH00354,2024-02-25,C,S10,C2,Grocery,12.02,32.3,1.84,6.6,1,0,55499.53,Partial delivery,,,
355,SH00355,2024-05-19,A,S11,C4,Electronics,18.57,18.2,1.58,5.4,1,0,73819.08,No issue,,,
356,SH00356,2024-04-21,A,S05,C3,Clothing,14.265,40.1,1.56,2.5,0,1,42227.09,No issue,,,
357,SH00357,2024-03-31,C,S04,C3,Grocery,4.79,27.1,1.69,8.6,0,1,53028.98,No issue,,,
358,SH00358,2024-05-05,A,S02,C2,Grocery,11.42,30.5,1.64,4.2,0,1,29203.17,No issue,,,
359,SH00359,2024-03-10,B,S08,C3,Grocery,21.47,26.5,1.71,6.2,1,1,41917.37,Damaged carton,,,
360,SH00360,2024-05-12,D,S03,C1,Grocery,11.68,29.5,1.82,5.1,1,0,57113.22,No issue,,,
361,SH00361,2024-04-28,B,S04,C3,Grocery,15.015,24.3,1.48,5.4,0,0,63155.74,Driver delay,,,
362,SH00362,2024-05-12,D,S12,C4,Electronics,22.21,27.8,1.86,6.1,0,0,60339.23,Driver delay,,,
363,SH00363,2024-02-04,A,S07,C3,Frozen,16.7,40.1,1.66,3.6,0,0,21526.73,No issue,,,
364,SH00364,2024-03-03,B,S10,C4,Electronics,17.04,28.8,1.75,7.6,0,0,45145.98,No issue,,,
365,SH00365,2024-03-24,A,S09,C3,Grocery,16.69,29.9,1.76,1.8,0,0,37490.78,No issue,,,
366,SH00366,2024-01-07,D,S02,C1,Grocery,15.96,23.4,1.77,2.9,0,0,47364.58,Driver delay,,,
367,SH00367,2024-01-07,C,S03,C4,Clothing,12.8,25.0,1.71,7.6,0,0,50332.13,Damaged carton,,,
368,SH00368,2024-04-14,C,S04,C1,Grocery,13.5,25.1,1.73,4.9,0,0,67995.28,No issue,,,
369,SH00369,2024-01-14,B,S10,C2,Clothing,14.265,26.6,1.73,10.1,0,0,56428.56,No issue,,,
370,SH00370,2024-04-21,A,S01,C1,Clothing,1.74,40.1,1.64,5.1,0,0,73267.48,No issue,,,
371,SH00371,2024-02-25,A,S07,C1,Clothing,14.265,27.7,1.52,8.4,0,0,41507.35,Partial delivery,,,
372,SH00372,2024-03-31,B,S02,C2,Grocery,15.94,27.7,1.58,1.3,0,0,30743.85,Partial delivery,,,
373,SH00373,2024-01-07,C,S05,C1,Clothing,15.04,30.7,1.69,2.2,0,1,73828.64,No issue,,,
374,SH00374,2024-04-21,D,S01,C2,Grocery,17.39,34.7,1.62,6.8,0,0,58501.83,No issue,,,
375,SH00375,2024-02-18,B,S03,C3,Frozen,10.03,21.7,1.62,1.5,0,0,40850.92,No issue,,,
376,SH00376,2024-02-04,D,S12,C1,Electronics,8.99,37.9,1.88,4.6,0,0,58567.34,Driver delay,,,
377,SH00377,2024-01-21,C,S02,C1,Grocery,13.3,30.1,1.79,4.9,0,0,64528.89,Driver delay,,,
378,SH00378,2024-03-24,A,S01,C3,Grocery,23.21,27.7,1.67,6.0,0,0,53787.86,No issue,,,
379,SH00379,2024-04-21,C,S07,C2,Grocery,7.99,35.3,1.77,5.0,0,0,41064.45,Partial delivery,,,
380,SH00380,2024-05-12,B,S05,C3,Clothing,14.265,32.9,1.66,4.1,0,0,45381.06,No issue,,,
381,SH00381,2024-02-04,A,S01,C3,Grocery,11.87,27.4,1.71,5.4,0,0,56359.32,No issue,,,
382,SH00382,2024-04-07,B,S06,C4,Electronics,21.86,27.7,1.6949999999999998,6.2,0,0,54983.32,No issue,,,
383,SH00383,2024-02-04,B,S05,C3,Grocery,4.6,29.3,1.66,3.7,0,1,70183.9,Partial delivery,,,
384,SH00384,2024-04-14,C,S03,C2,Clothing,7.92,33.5,1.63,4.9,0,0,47861.35,No issue,,,
385,SH00385,2024-04-28,B,S12,C3,Clothing,16.58,34.0,1.82,7.2,0,0,37543.59,No issue,,,
386,SH00386,2024-04-07,C,S07,C1,Clothing,30.42,22.5,1.76,4.6,0,0,90655.81,No issue,,,
387,SH00387,2024-05-19,A,S11,C2,Clothing,6.85,32.0,1.47,5.1,0,0,54617.32,Partial delivery,,,
388,SH00388,2024-02-04,C,S10,C3,Grocery,15.06,27.1,1.63,6.0,0,0,64513.94,No issue,,,
389,SH00389,2024-03-24,A,S09,C2,Grocery,17.03,28.7,1.62,6.1,1,0,59827.73,No issue,,,
390,SH00390,2024-04-21,C,S09,C3,Clothing,15.015,28.6,1.64,6.8,0,0,54798.62,No issue,,,
391,SH00391,2024-04-21,D,S09,C4,Grocery,11.26,28.4,1.79,3.0,0,0,48583.84,Partial delivery,,,
392,SH00392,2024-02-18,D,S02,C4,Electronics,5.27,35.6,1.7,3.9,0,0,9942.76,No issue,,,
393,SH00393,2024-01-28,B,S03,C4,Grocery,15.015,21.2,1.6949999999999998,4.0,1,0,36051.68,No issue,,,
394,SH00394,2024-01-07,C,S07,C2,Grocery,18.69,19.4,1.66,3.2,0,0,56936.79,Damaged carton,,,
395,SH00395,2024-02-04,C,S05,C2,Grocery,25.67,18.3,1.75,1.4,0,0,11215.4,No issue,,,
396,SH00396,2024-03-10,A,S02,C3,Frozen,18.94,33.3,1.68,-1.5,1,0,53074.28,Partial delivery,,,
397,SH00397,2024-02-04,B,S03,C2,Grocery,19.97,24.1,1.64,7.4,0,0,61918.46,No issue,,,
398,SH00398,2024-01-28,C,S10,C3,Electronics,13.43,28.7,1.73,1.9,1,0,64499.18,Driver delay,,,
399,SH00399,2024-01-14,B,S06,C3,Grocery,29.65,27.4,1.86,8.1,1,0,60972.33,Partial delivery,,,
400,SH00400,2024-05-19,D,S07,C3,Clothing,12.61,23.6,1.75,6.5,0,0,66375.88,Partial delivery,,,
401,SH00401,2024-03-10,C,S09,C2,Grocery,11.33,32.3,1.83,4.2,0,0,76084.17,Damaged carton,,,
402,SH00402,2024-05-12,C,S01,C1,Frozen,25.86,40.1,1.64,6.2,0,0,68441.77,No issue,,,
403,SH00403,2024-01-07,B,S11,C2,Frozen,14.25,26.8,1.7,5.9,0,1,54952.47,No issue,,,
404,SH00404,2024-02-04,C,S07,C1,Grocery,3.92,29.2,1.7,2.8,0,0,49980.7,No issue,,,
405,SH00405,2024-03-31,B,S08,C4,Frozen,15.72,31.6,1.71,5.0,0,0,53719.57,No issue,,,
406,SH00406,2024-01-28,C,S12,C2,Frozen,14.99,23.2,1.74,3.0,0,0,47867.53,Driver delay,,,
407,SH00407,2024-04-21,A,S03,C1,Clothing,13.63,32.4,1.61,6.3,0,0,68763.71,No issue,,,
408,SH00408,2024-04-21,B-X,S04###,C1,Clothing,20.96,35.2,1.76,4.9,0,0,60581.5,No issue,,,
409,SH00409,2024-01-14,C,S10,C3,Grocery,9.55,20.9,1.54,4.8,0,0,46283.85,No issue,,,
410,SH00410,2024-04-28,D,S06,C3,Electronics,15.39,29.4,1.57,4.7,0,0,71861.32,No issue,,,
411,SH00411,2024-05-19,C,S10,C2,Grocery,15.06,27.7,1.91,5.2,0,1,47621.82,No issue,,,
412,SH00412,2024-03-24,D,S07,C1,Grocery,9.65,31.5,1.65,8.3,0,1,37813.43,No issue,,,
413,SH00413,2024-05-05,D,S04,C2,Frozen,14.63,21.9,1.77,4.5,0,0,51838.86,Partial delivery,,,
414,SH00414,2024-01-21,A,S08,C2,Grocery,20.12,36.1,1.87,7.4,0,0,39638.0,No issue,,,
415,SH00415,2024-01-07,B,S05,C3,Clothing,27.72,20.0,1.47,6.0,1,0,66043.09,No issue,,,
416,SH00416,2024-01-07,C,S01,C3,Clothing,18.48,26.8,1.81,7.8,0,0,39318.52,No issue,INVALID_DATE,INVALID_DATE,INVALID_DATE
417,SH00417,2024-05-12,A,S04,C2,Frozen,14.25,27.7,1.76,4.3,0,0,50269.46,No issue,,,
418,SH00418,2024-03-17,C,S03,C1,Frozen,14.77,24.6,1.86,6.4,0,1,66095.61,No issue,,,
419,SH00419,2024-02-04,D,S09,C4,Grocery,15.3,23.8,1.58,4.9,0,0,41316.97,No issue,,,
420,SH00420,2024-03-24,B,S08,C2,Grocery,20.62,29.1,1.85,-1.0,0,1,58167.15,Partial delivery,,,
421,SH00421,2024-01-21,C,S01,C3,Electronics,16.11,28.4,1.63,4.9,0,0,37398.77,Damaged carton,,,
422,SH00422,2024-01-07,C,S11,C1,Grocery,22.52,28.0,1.81,6.2,0,1,55665.75,Partial delivery,,,
423,SH00423,2024-01-07,D,S06,C2,Grocery,17.35,32.3,1.7,6.0,1,0,60508.7,Driver delay,,,
424,SH00424,2024-02-25,C,S09,C1,Grocery,24.35,26.0,1.78,2.4,0,0,51367.74,Damaged carton,,,
425,SH00425,2024-03-10,C,S07,C2,Clothing,12.37,29.6,1.7,5.4,0,0,52502.89,Partial delivery,,,
426,SH00426,2024-03-17,D-X,S04###,C4,Electronics,15.87,25.5,1.6949999999999998,6.0,1,0,58659.79,No issue,,,
427,SH00427,2024-03-24,A,S01,C2,Grocery,19.96,23.8,1.39,4.9,0,0,47792.37,No issue,,,
428,SH00428,2024-03-31,D,S12,C1,Clothing,11.57,26.6,1.72,4.9,0,0,65343.3,No issue,,,
429,SH00429,2024-03-24,A,S02,C1,Grocery,10.26,25.5,1.67,6.2,0,0,72567.12,Driver delay,,,
430,SH00430,2024-04-07,B,S12,C2,Grocery,11.22,25.8,1.74,4.9,0,0,38113.23,Partial delivery,,,
431,SH00431,2024-01-14,A,S05,C1,Clothing,10.5,33.8,1.67,4.9,0,1,78505.89,No issue,,,
432,SH00432,2024-05-12,A,S12,C1,Electronics,18.14,26.7,1.9,7.1,0,1,47447.68,No issue,,,
433,SH00433,2024-05-05,B,S11,C3,Clothing,3.99,40.1,1.72,5.9,1,0,81915.17,Damaged carton,,,
434,SH00434,2024-01-21,A,S05,C2,Grocery,15.06,28.1,1.66,2.2,1,0,47651.24,Damaged carton,,,
435,SH00435,2024-04-28,D,S08,C1,Clothing,26.18,28.5,1.73,5.4,1,0,62610.68,No issue,,,
436,SH00436,2024-02-25,A,S06,C4,Electronics,10.65,22.1,1.66,2.7,1,0,62530.16,No issue,,,
437,SH00437,2024-03-10,B,S08,C1,Electronics,16.2,26.5,1.71,3.1,0,0,46190.33,Driver delay,,,
438,SH00438,2024-01-14,D,S02,C4,Electronics,6.07,26.3,1.58,4.9,0,0,53089.41,Damaged carton,,,
439,SH00439,2024-05-12,B,S03,C2,Frozen,15.56,27.1,1.7,5.1,0,0,73598.51,Partial delivery,,,
440,SH00440,2024-03-03,B,S06,C4,Electronics,10.69,31.6,1.65,5.7,0,1,47167.26,No issue,,,
441,SH00441,2024-02-18,C,S12,C3,Electronics,14.86,28.7,1.59,4.2,1,0,45736.81,No issue,,,
442,SH00442,2024-01-28,C,S10,C4,Frozen,15.015,27.7,1.9,4.3,0,0,34697.99,No issue,,,
443,SH00443,2024-05-05,B,S03,C4,Clothing,22.1,27.9,1.59,4.0,1,0,75513.28,Damaged carton,,,
444,SH00444,2024-03-31,B,S06,C1,Electronics,14.36,36.9,1.7,7.1,1,0,44788.35,Driver delay,,,
445,SH00445,2024-03-17,B,S06,C4,Clothing,21.0,25.7,1.62,4.9,1,0,69999.7,No issue,,,
446,SH00446,2024-01-28,C,S02,C2,Grocery,26.42,24.2,1.73,4.4,1,0,42979.68,No issue,,,
447,SH00447,2024-01-28,C,S07,C2,Grocery,19.52,30.7,1.57,8.1,0,0,69528.77,Damaged carton,,,
448,SH00448,2024-03-10,A,S12,C2,Electronics,17.88,34.8,1.78,6.0,0,0,64099.65,No issue,,,
449,SH00449,2024-02-04,A,S02,C2,Frozen,16.19,21.1,1.9,7.5,0,0,48573.52,No issue,,,
450,SH00450,2024-03-03,B,S06,C1,Frozen,18.9,27.0,1.62,0.9,0,0,40985.86,No issue,,,
451,SH00451,2024-01-21,D,S01,C3,Grocery,15.015,24.9,1.82,2.5,0,0,42204.54,Driver delay,,,
452,SH00452,2024-04-28,D,S03,C2,Electronics,13.34,28.7,1.66,6.0,1,0,42013.0,No issue,,,
453,SH00453,2024-01-21,C###,S02###,C3,Grocery,17.71,28.1,1.85,4.9,1,0,67977.75,Damaged carton,,,
454,SH00454,2024-04-21,C,S07,C4,Frozen,12.16,34.7,1.92,2.7,0,0,54403.46,No issue,,,
455,SH00455,2024-01-28,C,S04,C2,Frozen,12.81,27.5,1.68,4.2,0,0,35273.16,No issue,,,
456,SH00456,2024-05-05,B,S08,C2,Electronics,15.0,34.9,1.55,5.8,0,1,48218.0,Damaged carton,,,
457,SH00457,2024-04-28,D,S06,C1,Clothing,21.9,26.4,1.79,2.1,0,0,50034.7,Partial delivery,,,
458,SH00458,2024-02-18,A,S12,C1,Clothing,8.2,32.6,1.72,6.0,0,0,19915.17,Damaged carton,,,
459,SH00459,2024-02-04,B,S10,C1,Electronics,19.56,29.1,1.75,-0.4,0,0,49052.31,Partial delivery,,,
460,SH00460,2024-03-24,A,S04,C2,Grocery,19.75,36.6,1.67,6.0,0,0,62847.89,No issue,,,
461,SH00461,2024-04-28,A,S05,C1,Electronics,19.71,27.7,1.61,3.0,0,0,49935.58,Partial delivery,,,
462,SH00462,2024-03-31,B,S09,C4,Clothing,10.16,22.2,1.82,4.1,0,0,55816.1,No issue,,,
463,SH00463,2024-01-21,A,S07,C3,Clothing,4.84,37.2,1.73,6.3,0,0,59267.7,No issue,,,
464,SH00464,2024-03-03,D,S10,C2,Grocery,18.36,24.3,1.56,5.9,0,0,46860.97,No issue,,,
465,SH00465,2024-04-28,A,S09,C3,Frozen,16.13,24.7,1.77,5.0,0,0,62961.32,No issue,,,
466,SH00466,2024-04-28,D,S07,C1,Grocery,21.03,23.6,1.75,6.9,0,0,73862.26,No issue,,,
467,SH00467,2024-05-19,D,S12,C2,Electronics,10.8,33.7,1.67,1.6,1,0,29142.12,Damaged carton,,,
468,SH00468,2024-04-21,D,S01,C3,Clothing,19.56,21.7,1.86,5.4,0,0,46827.25,Partial delivery,,,
469,SH00469,2024-03-31,C,S12,C2,Clothing,21.33,28.1,1.64,3.4,0,0,86944.26,No issue,,,
470,SH00470,2024-05-12,A,S08,C2,Electronics,14.43,26.7,1.68,6.8,0,0,54558.48,Partial delivery,,,
471,SH00471,2024-04-28,B,S04,C4,Grocery,17.5,33.2,1.78,6.4,0,0,51477.22,No issue,,,
472,SH00472,2024-01-28,B,S03,C4,Grocery,17.29,25.2,1.71,6.4,1,0,48129.36,No issue,,,
473,SH00473,2024-03-24,A,S07,C3,Electronics,10.07,30.1,1.56,8.3,0,0,71116.53,No issue,,,
474,SH00474,2024-03-03,C,S12,C3,Electronics,18.19,22.1,1.72,7.3,0,0,37915.1,No issue,,,
475,SH00475,2024-05-12,C,S03,C3,Grocery,24.73,39.4,1.66,4.7,0,0,65892.62,Driver delay,,,
476,SH00476,2024-03-24,D,S08,C1,Clothing,15.13,26.8,1.79,5.0,0,0,47848.73,No issue,,,
477,SH00477,2024-03-03,A,S06,C2,Electronics,14.86,28.0,1.72,6.2,0,0,40752.36,Damaged carton,,,
478,SH00478,2024-02-18,A,S05,C1,Clothing,10.88,36.3,1.71,5.3,0,0,48533.46,Damaged carton,,,
479,SH00479,2024-04-07,B,S04,C2,Clothing,4.32,27.7,1.6,6.4,0,0,51304.29,No issue,,,
480,SH00480,2024-05-19,A,S08,C2,Grocery,22.74,36.3,1.68,0.5,0,0,44533.85,Partial delivery,,,
481,SH00481,2024-05-12,C,S08,C1,Grocery,19.58,25.9,1.8,8.8,0,0,68691.59,No issue,,,
482,SH00482,2024-04-14,A,S12,C4,Clothing,11.99,31.4,1.62,4.9,0,0,40868.74,Partial delivery,,,
483,SH00483,2024-04-21,B,S01,C4,Electronics,6.49,25.1,1.6949999999999998,4.9,0,0,54101.12,No issue,,,
484,SH00484,2024-02-04,D,S09,C3,Clothing,10.0,21.2,1.61,3.2,0,0,60061.49,No issue,,,
485,SH00485,2024-01-21,B,S05,C2,Clothing,11.17,30.1,1.58,0.7,0,0,53945.85,Driver delay,,,
486,SH00486,2024-03-24,B,S04,C4,Clothing,15.66,31.2,1.69,2.8,0,0,63583.45,No issue,,,
487,SH00487,2024-05-19,D-X,S06 ,C1,Frozen,15.45,21.4,1.72,4.7,0,0,45496.54,No issue,,,
488,SH00488,2024-01-28,B,S06,C3,Electronics,23.05,26.5,1.6949999999999998,8.0,0,0,61339.41,No issue,,,
489,SH00489,2024-04-21,B,S02,C1,Electronics,10.84,34.0,1.65,4.9,0,0,61783.42,No issue,,,
490,SH00490,2024-02-18,A,S08,C3,Electronics,14.86,40.1,1.69,5.5,0,0,66521.8,No issue,,,
491,SH00491,2024-03-31,A,S07,C1,Grocery,8.06,26.0,1.57,2.7,1,1,23715.13,No issue,,,
492,SH00492,2024-03-10,D,S01,C4,Electronics,14.86,40.1,1.76,3.4,0,0,59635.69,Damaged carton,,,
493,SH00493,2024-02-18,A,S05,C4,Grocery,10.63,37.7,1.74,3.5,0,0,65519.05,No issue,,,
494,SH00494,2024-04-07,A,S12,C1,Frozen,13.25,20.8,1.85,3.6,0,0,45828.12,Partial delivery,,,
495,SH00495,2024-02-04,B,S06,C2,Electronics,12.28,27.7,1.81,4.3,1,0,43782.68,No issue,,,
496,SH00496,2024-01-21,C,S04,C4,Electronics,20.94,20.7,1.74,4.9,0,0,41479.34,Damaged carton,,,
497,SH00497,2024-03-17,A,S02,C2,Grocery,11.48,34.6,1.65,4.3,1,1,36519.92,No issue,,,
498,SH00498,2024-03-17,C,S04,C4,Grocery,12.74,28.0,1.72,3.7,1,0,61986.4,No issue,INVALID_DATE,INVALID_DATE,INVALID_DATE
499,SH00499,2024-05-05,A,S01,C3,Grocery,19.3,28.9,1.69,5.3,0,0,86228.54,No issue,,,
500,SH00500,2024-04-14,A,S07,C2,Electronics,11.61,40.1,1.8,4.9,1,0,43659.7,Partial delivery,,,
501,SH00501,2024-03-24,D,S02,C1,Grocery,17.54,25.0,1.78,1.8,0,1,45001.77,Damaged carton,,,
502,SH00502,2024-03-03,D,S02,C1,Electronics,16.99,36.7,1.67,5.1,1,0,52230.95,No issue,,,
503,SH00503,2024-03-10,D,S09,C3,Frozen,15.85,26.0,1.55,4.8,0,0,27970.37,Damaged carton,,,
504,SH00504,2024-03-24,C,S05,C2,Frozen,8.19,40.1,1.83,1.8,0,0,41566.77,No issue,,,
505,SH00505,2024-04-28,B,S02,C2,Clothing,22.38,40.1,1.76,3.8,0,0,51145.51,No issue,,,
506,SH00506,2024-02-11,A,S11,C2,Grocery,28.32,27.2,1.67,6.2,0,0,38591.08,No issue,,,
507,SH00507,2024-02-18,A,S09,C3,Frozen,15.05,21.1,1.75,2.7,0,0,69961.62,No issue,,,
508,SH00508,2024-04-07,A,S09,C4,Frozen,8.72,29.4,1.71,2.5,0,0,32592.74,Damaged carton,,,
509,SH00509,2024-03-31,C,S01,C4,Grocery,15.17,27.1,1.83,4.4,0,0,65515.08,No issue,,,
510,SH00510,2024-02-25,D,S11,C2,Clothing,20.94,29.8,1.51,6.2,0,0,74027.53,Damaged carton,,,
511,SH00511,2024-03-10,B,S03,C4,Grocery,11.31,27.3,1.66,8.6,0,0,57725.87,No issue,,,
512,SH00512,2024-03-03,C,S04,C3,Clothing,14.23,39.1,1.86,6.3,0,0,49938.24,Damaged carton,,,
513,SH00513,2024-05-05,D,S07,C3,Frozen,14.25,27.7,1.76,7.2,0,1,55694.23,No issue,,,
514,SH00514,2024-01-14,C,S10,C4,Grocery,22.22,22.6,1.88,5.7,0,0,45391.55,No issue,,,
515,SH00515,2024-02-04,B,S04,C1,Frozen,19.65,28.6,1.58,3.6,0,1,21458.98,No issue,,,
516,SH00516,2024-02-04,D,S02,C1,Electronics,19.9,24.0,1.81,6.3,0,1,37311.22,Partial delivery,,,
517,SH00517,2024-02-11,C,S07,C4,Frozen,15.015,26.8,1.8,4.8,0,0,51832.31,Damaged carton,,,
518,SH00518,2024-05-12,B,S06,C2,Electronics,17.41,23.4,1.53,5.8,1,0,37889.7,No issue,,,
519,SH00519,2024-02-25,A,S03,C4,Clothing,10.67,38.5,1.67,3.1,0,0,45803.16,No issue,,,
520,SH00520,2024-04-21,B,S06,C4,Grocery,20.07,24.5,1.69,4.9,1,0,59187.69,No issue,,,
521,SH00521,2024-03-31,A,S11,C1,Grocery,15.06,27.7,1.54,4.8,0,0,54175.36,Damaged carton,,,
522,SH00522,2024-01-07,C,S06,C4,Grocery,18.32,26.4,1.67,5.5,0,0,67877.12,Damaged carton,,,
523,SH00523,2024-05-19,D,S12,C2,Frozen,12.8,22.2,1.79,4.8,0,0,56412.51,Damaged carton,,,
524,SH00524,2024-04-28,D,S05,C2,Clothing,13.78,29.0,1.66,4.4,1,0,57294.56,Driver delay,,,
525,SH00525,2024-02-18,C,S04,C3,Frozen,25.84,30.0,1.72,6.0,0,0,41315.66,No issue,,,
526,SH00526,2024-03-31,D,S10,C4,Frozen,12.9,30.8,1.72,4.9,0,1,32033.41,No issue,,,
527,SH00527,2024-01-28,D,S12,C1,Grocery,15.06,27.7,1.7,1.8,0,0,45806.17,Partial delivery,,,
528,SH00528,2024-01-28,A,S01,C2,Grocery,17.03,21.8,1.63,1.3,0,1,41092.23,Partial delivery,,,
529,SH00529,2024-02-11,C,S10,C3,Grocery,13.0,32.8,1.77,5.4,1,0,49498.49,Driver delay,,,
530,SH00530,2024-05-12,B,S06,C3,Grocery,6.93,23.4,1.54,4.1,0,1,36009.42,No issue,,,
531,SH00531,2024-03-24,A,S02,C3,Grocery,16.27,29.0,1.7,1.5,0,0,64637.33,No issue,,,
532,SH00532,2024-02-18,C,S03,C1,Electronics,15.55,21.7,1.84,5.2,0,0,41036.88,No issue,,,
533,SH00533,2024-03-10,A,S08,C1,Grocery,25.84,31.7,1.66,4.8,0,0,46543.46,No issue,,,
534,SH00534,2024-05-12,B,S10,C2,Grocery,9.84,32.7,1.63,4.0,0,0,51697.12,Damaged carton,,,
535,SH00535,2024-02-18,B,S06,C4,Grocery,28.77,31.7,1.77,5.5,0,1,68847.65,Partial delivery,,,
536,SH00536,2024-01-21,C,S03,C1,Grocery,17.27,33.2,1.72,4.9,1,0,78380.39,Partial delivery,,,
537,SH00537,2024-03-31,B,S07,C1,Frozen,17.27,35.8,1.77,7.6,0,1,79411.63,Damaged carton,,,
538,SH00538,2024-03-31,A,S04,C4,Clothing,11.44,40.1,1.7,5.3,1,0,32773.07,No issue,,,
539,SH00539,2024-05-05,B,S09,C1,Frozen,15.015,24.1,1.46,4.8,0,0,46402.89,Driver delay,,,
540,SH00540,2024-05-19,A,S05,C4,Electronics,17.84,27.7,1.6949999999999998,5.3,0,0,43549.2,No issue,,,
541,SH00541,2024-02-25,A,S03,C3,Grocery,20.62,40.1,1.91,5.6,0,0,57554.64,Partial delivery,,,
542,SH00542,2024-03-03,B-X,S02###,C4,Clothing,9.13,24.6,1.83,4.5,0,0,56639.24,Damaged carton,,,
543,SH00543,2024-02-18,C,S11,C1,Grocery,23.44,24.3,1.35,5.3,0,1,43254.97,No issue,,,
544,SH00544,2024-01-07,D,S02,C1,Grocery,17.17,24.7,1.75,1.9,0,1,42070.95,No issue,,,
545,SH00545,2024-01-21,B,S03,C3,Grocery,18.65,20.0,1.65,5.2,0,1,37038.49,No issue,,,
546,SH00546,2024-03-31,A,S02,C4,Grocery,13.67,21.6,1.59,6.0,0,1,12187.56,No issue,,,
547,SH00547,2024-04-28,A,S04,C3,Grocery,9.43,21.8,1.71,4.0,0,0,32527.53,No issue,,,
548,SH00548,2024-01-07,B,S02,C1,Grocery,15.44,26.5,1.69,4.8,0,0,65001.62,Driver delay,,,
549,SH00549,2024-02-11,C,S10,C3,Clothing,14.265,27.7,1.6949999999999998,2.8,0,0,73970.57,Partial delivery,,,
550,SH00550,2024-02-11,C,S09,C3,Grocery,6.69,30.2,1.71,2.5,0,1,72217.86,Damaged carton,,,
551,SH00551,2024-03-24,A,S02,C3,Grocery,19.76,25.5,1.59,5.4,0,0,65638.51,No issue,,,
552,SH00552,2024-03-31,A,S09,C3,Clothing,20.98,25.6,1.64,3.5,0,0,36820.87,No issue,,,
553,SH00553,2024-03-31,C,S06,C4,Grocery,10.62,28.6,1.63,1.4,1,0,34281.66,No issue,,,
554,SH00554,2024-04-14,D,S01,C3,Grocery,15.06,20.5,1.53,2.8,1,0,24834.65,No issue,,,
555,SH00555,2024-04-21,B,S04,C1,Frozen,13.18,32.8,1.56,4.9,0,0,43252.04,Damaged carton,,,
556,SH00556,2024-03-17,A,S01,C2,Grocery,15.14,34.4,1.68,6.5,0,1,53306.59,No issue,,,
557,SH00557,2024-02-04,A,S06,C1,Grocery,13.41,40.1,1.84,5.4,0,0,36883.24,No issue,,,
558,SH00558,2024-01-28,C,S04,C2,Electronics,14.63,26.0,1.65,3.3,0,0,58466.32,No issue,,,
559,SH00559,2024-01-21,B,S03,C2,Grocery,16.33,34.2,1.62,3.8,0,0,61777.87,No issue,,,
560,SH00560,2024-05-12,C,S03,C1,Electronics,6.79,27.4,1.58,7.6,0,0,44882.64,No issue,,,
561,SH00561,2024-05-19,B,S09,C2,Clothing,7.48,30.9,1.7,6.9,0,0,31899.73,No issue,,,
562,SH00562,2024-05-05,B,S06,C1,Grocery,0.5,27.5,1.82,2.8,0,0,72713.9,No issue,,,
563,SH00563,2024-04-14,B,S09,C4,Electronics,20.66,27.7,1.9,7.3,0,1,52527.13,No issue,,,
564,SH00564,2024-03-03,A,S05,C4,Electronics,15.09,30.5,1.73,4.8,0,0,81118.09,Partial delivery,,,
565,SH00565,2024-04-28,D,S02,C1,Grocery,21.29,30.7,1.71,6.6,0,0,53385.69,Partial delivery,,,
566,SH00566,2024-04-07,C,S08,C4,Electronics,8.17,27.7,1.65,4.7,0,0,54433.19,No issue,,,
567,SH00567,2024-04-14,D,S05,C2,Grocery,15.15,25.2,1.66,7.4,0,0,37532.55,Driver delay,,,
568,SH00568,2024-01-07,C,S02,C1,Electronics,16.29,25.7,1.76,2.7,0,0,45646.85,No issue,,,
569,SH00569,2024-01-21,B,S04,C1,Grocery,11.63,40.1,1.67,4.5,0,0,28617.96,Partial delivery,,,
570,SH00570,2024-04-21,A,S09,C2,Electronics,5.68,28.6,1.68,7.4,0,0,31845.63,No issue,,,
571,SH00571,2024-03-17,D,S04,C3,Grocery,25.48,22.1,1.7,0.2,0,0,63117.48,No issue,,,
572,SH00572,2024-03-24,A,S12,C3,Clothing,23.4,37.4,1.64,4.9,0,1,47761.25,No issue,,,
573,SH00573,2024-03-10,C,S12,C1,Grocery,12.71,32.9,1.69,4.2,0,0,45660.13,No issue,,,
574,SH00574,2024-04-21,A,S12,C1,Electronics,18.06,28.2,1.5,6.4,0,0,40893.61,Damaged carton,,,
575,SH00575,2024-02-25,A,S04,C2,Electronics,12.09,26.6,1.75,7.1,1,0,46217.14,No issue,,,
576,SH00576,2024-02-11,D,S02,C1,Clothing,9.03,29.0,1.94,6.5,0,1,68995.95,Partial delivery,,,
577,SH00577,2024-03-24,B,S12,C1,Electronics,25.96,30.6,1.64,5.5,0,0,54163.33,No issue,,,
578,SH00578,2024-02-25,A,S06,C1,Clothing,5.07,17.8,1.74,5.1,0,1,34299.78,Damaged carton,,,
579,SH00579,2024-01-28,B,S11,C4,Clothing,13.29,27.7,1.79,4.3,0,0,67455.77,No issue,,,
580,SH00580,2024-02-25,C,S02,C4,Frozen,15.51,24.1,1.83,5.4,0,0,77875.58,No issue,,,
581,SH00581,2024-05-05,A,S12,C2,Grocery,24.91,28.0,1.67,7.9,1,0,59420.57,Damaged carton,,,
582,SH00582,2024-02-04,D,S07,C4,Electronics,20.38,28.2,1.52,3.3,0,0,65369.35,No issue,,,
583,SH00583,2024-03-03,C,S03,C2,Clothing,4.97,40.1,1.73,4.2,1,0,70311.74,Damaged carton,,,
584,SH00584,2024-01-28,C,S03,C2,Frozen,14.98,27.6,1.71,4.8,1,0,27150.93,No issue,,,
585,SH00585,2024-04-28,D,S05,C1,Frozen,15.13,27.7,1.67,7.0,0,1,79964.06,Damaged carton,,,
586,SH00586,2024-03-03,A,S03,C3,Grocery,13.63,30.0,1.69,5.4,1,1,68482.21,Damaged carton,INVALID_DATE,INVALID_DATE,INVALID_DATE
587,SH00587,2024-01-07,A,S02,C4,Grocery,18.72,23.2,1.71,7.0,0,0,59332.82,Partial delivery,,,
588,SH00588,2024-05-19,C,S10,C3,Electronics,6.55,28.7,1.74,7.1,0,0,50118.09,No issue,,,
589,SH00589,2024-03-31,A,S09,C2,Clothing,12.55,27.4,1.73,6.2,0,0,31941.36,Damaged carton,,,
590,SH00590,2024-04-21,B,S02,C3,Electronics,17.87,27.7,1.68,4.9,0,0,47028.98,No issue,,,
591,SH00591,2024-03-31,D,S11,C1,Electronics,19.08,40.1,1.6949999999999998,4.9,0,0,58725.96,Damaged carton,,,
592,SH00592,2024-04-07,B,S02,C4,Clothing,15.9,28.1,1.67,7.8,0,1,35434.62,No issue,,,
593,SH00593,2024-01-21,A,S08,C2,Grocery,13.27,30.8,1.76,5.1,0,1,50953.79,Partial delivery,,,
594,SH00594,2024-02-11,C,S09,C2,Frozen,14.28,27.7,1.64,2.2,0,0,34246.88,Driver delay,,,
595,SH00595,2024-05-05,D,S07,C3,Electronics,19.44,24.7,1.6949999999999998,1.9,0,0,46230.64,Partial delivery,,,
596,SH00596,2024-05-12,A,S03,C3,Grocery,15.2,31.8,1.54,5.5,1,0,31710.59,No issue,,,
597,SH00597,2024-02-04,A,S09,C1,Electronics,8.75,24.9,1.66,3.6,0,0,30133.36,No issue,,,
598,SH00598,2024-04-14,C,S03,C3,Clothing,7.6,16.1,1.76,4.9,0,0,57101.34,No issue,,,
599,SH00599,2024-01-14,C,S05,C1,Grocery,6.06,28.6,1.6,1.8,0,0,43303.64,No issue,,,
600,SH00600,2024-03-10,B,S09,C3,Grocery,23.73,25.2,1.67,4.1,0,0,44713.14,Partial delivery,,,
601,SH00601,2024-05-05,D,S12,C4,Frozen,19.84,40.1,1.46,5.4,0,0,42498.35,No issue,,,
602,SH00602,2024-03-31,D,S03,C4,Grocery,14.36,27.7,1.56,4.9,0,0,92846.77,Driver delay,,,
603,SH00603,2024-02-04,C,S07,C3,Electronics,12.28,38.1,1.59,6.0,0,0,61110.51,No issue,,,
604,SH00604,2024-01-07,B,S12,C2,Electronics,11.56,27.2,1.71,4.2,0,1,62721.15,No issue,,,
605,SH00605,2024-01-07,D,S01,C1,Electronics,21.56,23.9,1.73,5.8,1,0,40368.77,Damaged carton,,,
606,SH00606,2024-05-05,C,S04,C3,Electronics,26.43,30.9,1.69,5.6,0,0,59571.26,No issue,,,
607,SH00607,2024-04-14,A,S04,C1,Grocery,11.37,26.1,1.66,4.9,0,0,48584.18,No issue,,,
608,SH00608,2024-04-28,D,S07,C2,Electronics,21.83,30.0,1.66,4.9,0,0,40248.25,No issue,,,
609,SH00609,2024-03-17,B,S08,C1,Grocery,15.17,24.7,1.77,4.9,0,0,80936.37,Damaged carton,,,
610,SH00610,2024-04-28,B,S01,C1,Clothing,13.73,29.3,1.72,6.6,0,1,60591.87,No issue,,,
611,SH00611,2024-03-31,B,S05,C3,Grocery,24.03,23.9,1.67,5.2,0,0,59835.08,Partial delivery,,,
612,SH00612,2024-01-07,A,S07,C1,Electronics,14.94,33.9,1.83,4.8,0,1,37424.0,No issue,,,
613,SH00613,2024-01-14,D,S12,C3,Grocery,16.78,25.1,1.89,4.9,0,0,32946.86,Damaged carton,,,
614,SH00614,2024-03-03,D,S04,C2,Grocery,16.49,31.3,1.58,3.6,0,0,51136.73,Driver delay,,,
615,SH00615,2024-01-21,A,S04,C1,Grocery,15.015,21.7,1.75,2.0,0,1,43397.29,No issue,,,
616,SH00616,2024-01-07,D,S04,C2,Grocery,16.73,31.9,2.01,2.0,0,0,61189.61,No issue,,,
617,SH00617,2024-04-21,A,S12,C1,Clothing,11.62,23.2,1.73,3.4,0,1,62188.91,No issue,,,
618,SH00618,2024-02-11,A,S06,C1,Grocery,6.47,29.3,1.71,6.3,0,0,52982.55,No issue,,,
619,SH00619,2024-04-28,A,S07,C3,Frozen,11.9,33.1,1.69,4.2,0,1,64415.7,No issue,,,
620,SH00620,2024-02-04,B,S02,C1,Frozen,11.85,27.0,1.75,5.4,0,0,54899.57,No issue,,,
621,SH00621,2024-02-04,D,S05,C4,Electronics,21.18,22.9,1.78,4.0,0,0,38924.66,No issue,,,
622,SH00622,2024-02-11,A,S04,C1,Grocery,8.62,30.5,1.58,4.0,0,0,49025.88,No issue,,,
623,SH00623,2024-01-21,D,S03,C1,Grocery,10.26,23.8,1.7,2.9,0,0,54036.0,No issue,,,
624,SH00624,2024-02-04,B,S07,C3,Clothing,16.41,26.0,1.47,4.8,0,1,65933.88,No issue,,,
625,SH00625,2024-02-04,A,S11,C2,Grocery,7.05,29.3,1.68,4.6,1,0,55374.26,Damaged carton,,,
626,SH00626,2024-03-10,C,S12,C1,Grocery,15.06,27.7,1.61,5.8,0,0,43428.24,Driver delay,,,
627,SH00627,2024-03-10,B,S06,C2,Electronics,5.01,28.1,1.73,5.6,0,0,66492.57,Partial delivery,,,
628,SH00628,2024-05-12,C,S07,C1,Clothing,20.52,28.1,1.53,4.6,1,0,57711.34,No issue,,,
629,SH00629,2024-04-28,D,S05,C4,Clothing,13.19,31.7,1.65,2.0,0,0,75185.11,Damaged carton,,,
630,SH00630,2024-04-07,D,S06,C2,Grocery,14.9,28.3,1.8,7.1,0,0,53309.16,No issue,,,
631,SH00631,2024-03-03,B,S05,C3,Clothing,15.015,31.2,1.63,4.8,0,1,36440.07,No issue,,,
632,SH00632,2024-04-07,D,S07,C4,Grocery,10.67,27.7,1.51,5.2,0,0,69654.69,No issue,,,
633,SH00633,2024-01-07,C,S02,C2,Grocery,13.13,27.7,1.73,8.2,0,0,43348.15,No issue,,,
634,SH00634,2024-05-12,A,S11,C4,Frozen,8.66,16.1,1.64,6.8,0,0,56431.36,Driver delay,,,
635,SH00635,2024-03-31,A,S05,C2,Grocery,8.65,23.9,1.68,5.9,0,0,54785.75,No issue,,,
636,SH00636,2024-03-31,A,S06,C4,Grocery,15.015,27.7,1.63,5.0,0,0,52684.44,No issue,,,
637,SH00637,2024-01-28,B,S06,C1,Grocery,12.05,40.1,1.9,5.0,0,0,49452.7,No issue,,,
638,SH00638,2024-01-07,D,S05,C3,Frozen,12.69,26.3,1.54,5.5,0,0,27217.84,Driver delay,,,
639,SH00639,2024-04-28,C,S10,C2,Clothing,16.73,33.8,1.98,5.8,0,1,36968.44,No issue,,,
640,SH00640,2024-02-25,D,S07,C2,Electronics,9.65,27.5,1.66,8.4,0,0,68831.98,Damaged carton,,,
641,SH00641,2024-01-14,D,S10,C3,Clothing,16.92,17.5,1.72,4.9,0,0,58432.01,No issue,,,
642,SH00642,2024-02-25,D,S08,C3,Grocery,17.91,20.5,1.64,5.6,0,0,80639.46,No issue,INVALID_DATE,INVALID_DATE,INVALID_DATE
643,SH00643,2024-02-18,A,S07,C1,Electronics,12.19,30.1,1.64,0.7,0,0,36434.43,No issue,,,
644,SH00644,2024-01-14,C,S05,C1,Grocery,10.17,27.7,1.62,3.1,0,0,51540.16,No issue,,,
645,SH00645,2024-01-21,C,S01,C3,Grocery,15.51,35.3,1.76,4.9,1,1,69447.9,No issue,,,
646,SH00646,2024-05-05,D,S05,C3,Electronics,13.78,24.3,1.56,6.4,0,0,43512.65,No issue,,,
647,SH00647,2024-03-24,A,S10,C4,Frozen,16.32,26.5,1.74,5.9,0,0,44719.49,Damaged carton,,,
648,SH00648,2024-01-07,A,S02,C3,Grocery,24.42,23.6,1.48,4.7,0,0,47599.9,No issue,,,
649,SH00649,2024-03-24,C,S05,C4,Grocery,15.41,25.4,1.73,2.6,0,0,45319.78,No issue,,,
650,SH00650,2024-02-04,A_err,S05 ,C3,Grocery,11.16,18.5,1.78,8.4,0,1,59976.96,Damaged carton,,,
651,SH00651,2024-04-28,A,S02,C1,Grocery,9.65,26.1,1.57,3.4,0,0,25296.85,No issue,,,
652,SH00652,2024-04-21,A,S05,C1,Frozen,9.89,27.7,1.77,6.5,1,0,76640.89,No issue,INVALID_DATE,INVALID_DATE,INVALID_DATE
653,SH00653,2024-04-14,B,S04,C3,Electronics,15.015,27.3,1.71,2.4,0,0,37605.05,No issue,,,
654,SH00654,2024-04-14,D,S01,C3,Electronics,20.6,38.7,1.86,4.6,0,0,20242.42,No issue,,,
655,SH00655,2024-02-04,C,S03,C1,Clothing,1.6,37.2,1.61,7.0,0,0,51846.41,Partial delivery,,,
656,SH00656,2024-04-07,C,S01,C2,Grocery,17.93,24.2,1.98,4.5,0,0,46338.99,No issue,,,
657,SH00657,2024-01-14,B,S12,C4,Electronics,9.79,17.8,1.46,4.3,0,0,49330.3,No issue,,,
658,SH00658,2024-03-17,D,S11,C2,Electronics,11.93,27.5,1.67,5.0,1,0,56688.65,No issue,,,
659,SH00659,2024-05-12,C,S05,C2,Electronics,14.86,29.9,1.53,2.3,1,0,61672.62,No issue,,,
660,SH00660,2024-02-18,A,S04,C2,Frozen,14.25,27.7,1.89,2.0,0,0,77299.77,No issue,,,
661,SH00661,2024-02-11,C,S07,C1,Clothing,15.1,23.9,1.67,6.4,0,1,41647.89,No issue,,,
662,SH00662,2024-01-14,A,S05,C2,Grocery,19.74,35.9,1.68,4.9,1,0,63614.37,No issue,,,
663,SH00663,2024-02-11,B,S10,C2,Clothing,22.8,26.7,1.6949999999999998,6.4,0,1,62634.05,No issue,,,
664,SH00664,2024-05-05,A,S04,C1,Grocery,15.98,31.3,1.7,7.2,0,0,12388.22,Partial delivery,,,
665,SH00665,2024-01-14,C,S02,C3,Grocery,15.06,23.3,1.64,7.4,0,1,39502.08,No issue,,,
666,SH00666,2024-05-05,C,S04,C2,Grocery,13.68,27.7,1.57,1.8,0,0,32695.29,No issue,,,
667,SH00667,2024-04-14,C,S12,C4,Grocery,10.55,26.3,1.6949999999999998,4.9,0,0,58718.39,No issue,,,
668,SH00668,2024-05-12,B,S02,C4,Electronics,11.98,24.6,1.74,6.1,1,0,57067.39,No issue,,,
669,SH00669,2024-01-14,B,S08,C1,Electronics,14.43,33.8,1.77,6.1,0,0,57368.92,Partial delivery,,,
670,SH00670,2024-05-19,D,S03,C3,Frozen,14.2,21.1,1.89,9.5,0,0,47416.12,Partial delivery,,,
671,SH00671,2024-02-11,C,S09,C2,Electronics,17.47,29.5,1.48,3.2,0,0,48928.65,Driver delay,,,
672,SH00672,2024-01-07,A,S04,C4,Electronics,18.34,26.2,1.6949999999999998,7.3,1,1,51571.29,No issue,,,
673,SH00673,2024-04-14,B,S06,C1,Grocery,14.2,30.1,1.82,5.7,0,0,45983.3,No issue,,,
674,SH00674,2024-03-10,C,S10,C3,Grocery,17.42,26.3,1.69,1.7,0,0,63657.73,Partial delivery,,,
675,SH00675,2024-05-12,C,S05,C3,Electronics,11.7,32.3,1.47,3.9,0,0,35955.05,No issue,,,
676,SH00676,2024-04-28,B,S10,C1,Electronics,22.89,23.3,1.57,5.5,0,0,40272.79,Damaged carton,,,
677,SH00677,2024-02-04,D,S01,C1,Clothing,11.61,33.8,1.73,1.6,0,0,53819.79,Damaged carton,,,
678,SH00678,2024-01-28,B,S09,C3,Grocery,15.06,27.7,1.73,0.9,0,0,46481.06,No issue,,,
679,SH00679,2024-03-10,B,S01,C3,Grocery,15.06,21.4,1.77,1.5,0,0,35368.28,Partial delivery,,,
680,SH00680,2024-04-28,A,S08,C2,Electronics,12.72,40.1,1.62,5.5,1,0,59978.88,No issue,,,
681,SH00681,2024-03-10,A,S09,C3,Grocery,13.01,27.0,1.6949999999999998,4.0,0,1,43415.69,No issue,,,
682,SH00682,2024-04-28,D,S09,C2,Grocery,16.67,19.5,1.61,3.8,0,0,39329.19,Partial delivery,,,
683,SH00683,2024-05-19,C,S01,C3,Clothing,20.17,29.7,1.73,3.8,0,1,49384.3,Damaged carton,,,
684,SH00684,2024-02-04,B,S02,C1,Grocery,7.5,33.0,1.71,2.2,0,0,38601.26,No issue,,,
685,SH00685,2024-01-14,D,S12,C4,Electronics,8.35,27.7,1.62,4.9,0,0,51487.28,No issue,,,
686,SH00686,2024-02-11,A,S01,C1,Grocery,6.59,26.1,1.86,1.4,0,0,46604.52,No issue,,,
687,SH00687,2024-01-14,B,S10,C2,Grocery,22.92,28.7,1.53,7.4,0,0,44311.3,No issue,,,
688,SH00688,2024-03-31,C,S02,C1,Grocery,16.79,28.3,1.69,8.4,0,0,44405.0,No issue,,,
689,SH00689,2024-03-17,A,S10,C1,Clothing,8.49,35.4,1.62,0.3,0,0,66934.23,No issue,,,
690,SH00690,2024-03-17,A,S12,C2,Grocery,12.34,23.9,1.88,4.1,0,0,57538.26,No issue,,,
691,SH00691,2024-04-21,A,S08,C1,Clothing,22.09,27.7,1.76,4.2,0,0,26362.05,Damaged carton,,,
692,SH00692,2024-03-17,D,S05,C4,Grocery,13.33,23.8,1.64,4.7,0,1,65244.79,No issue,,,
693,SH00693,2024-05-12,C,S12,C1,Clothing,12.98,27.7,1.6949999999999998,7.0,0,0,59748.36,No issue,,,
694,SH00694,2024-04-14,B,S11,C2,Grocery,10.31,29.2,1.89,4.1,1,0,58862.72,Partial delivery,,,
695,SH00695,2024-04-21,D,S07,C2,Clothing,8.85,36.0,1.61,4.8,1,0,65318.66,Damaged carton,,,
696,SH00696,2024-03-17,D,S02,C1,Electronics,22.1,27.0,1.52,11.0,0,0,52225.45,Damaged carton,,,
697,SH00697,2024-04-21,D,S08,C1,Frozen,25.04,23.6,1.73,4.8,0,0,61301.26,Partial delivery,,,
698,SH00698,2024-02-25,A,S11,C2,Grocery,15.06,28.9,1.73,8.5,0,0,45032.92,No issue,,,
699,SH00699,2024-01-28,C,S06,C2,Grocery,23.43,30.9,1.77,6.0,0,0,64713.7,Damaged carton,,,
700,SH00700,2024-02-25,D,S08,C2,Grocery,12.08,27.2,1.77,3.9,0,1,55271.7,Partial delivery,,,
701,SH00701,2024-01-28,B,S01,C2,Clothing,18.2,35.0,1.88,3.6,0,0,31345.58,No issue,,,
702,SH00702,2024-01-21,C,S01,C3,Electronics,23.46,40.1,1.53,4.9,0,0,67545.77,No issue,,,
703,SH00703,2024-01-21,B,S12,C1,Clothing,14.13,26.6,1.58,2.7,0,0,50066.43,Damaged carton,,,
704,SH00704,2024-05-05,C,S07,C2,Grocery,13.03,29.5,1.77,3.3,0,0,47978.16,Partial delivery,,,
705,SH00705,2024-05-12,B,S08,C4,Grocery,19.81,30.0,1.59,4.2,0,0,45359.99,No issue,,,
706,SH00706,2024-05-12,A,S03,C2,Grocery,8.34,28.2,1.55,5.6,0,0,46459.55,Partial delivery,,,
707,SH00707,2024-02-04,D,S05,C3,Frozen,15.015,21.6,1.89,8.7,0,0,55444.53,No issue,,,
708,SH00708,2024-05-05,B,S12,C2,Clothing,15.86,39.7,1.54,4.0,0,0,37186.3,Damaged carton,,,
709,SH00709,2024-03-10,C,S01,C3,Frozen,11.53,26.8,1.66,5.9,0,0,28470.81,No issue,,,
710,SH00710,2024-02-11,D,S07,C3,Grocery,11.37,28.6,1.69,1.7,0,0,36033.02,Damaged carton,,,
711,SH00711,2024-01-07,D,S05,C2,Electronics,14.86,31.1,1.83,7.1,1,0,57725.77,No issue,,,
712,SH00712,2024-02-04,C,S08,C4,Clothing,11.78,24.8,1.51,1.6,0,0,49570.93,Partial delivery,,,
713,SH00713,2024-03-03,B,S08,C1,Grocery,13.42,28.3,1.74,6.6,0,0,68697.9,No issue,,,
714,SH00714,2024-03-24,A,S09,C1,Clothing,8.63,24.6,1.61,4.8,0,0,51026.31,Partial delivery,,,
715,SH00715,2024-04-07,A,S07,C3,Frozen,14.73,30.1,1.76,4.8,0,1,64637.7,No issue,,,
716,SH00716,2024-01-14,B,S11,C4,Frozen,15.015,26.6,1.61,4.4,0,1,41607.78,No issue,,,
717,SH00717,2024-04-28,D,S01,C1,Clothing,13.72,29.3,1.86,2.4,0,0,45472.87,No issue,,,
718,SH00718,2024-04-07,D,S03,C1,Grocery,18.98,22.8,1.61,2.5,1,0,52142.86,No issue,,,
719,SH00719,2024-03-31,D,S08,C1,Grocery,10.16,23.9,1.45,4.9,0,0,49795.35,Driver delay,,,
720,SH00720,2024-03-03,D,S03,C1,Frozen,21.02,21.2,1.62,5.0,0,0,48394.52,No issue,,,
721,SH00721,2024-04-14,B,S08,C3,Grocery,15.73,24.4,1.67,4.4,0,0,38918.28,No issue,,,
722,SH00722,2024-04-14,D,S01,C2,Clothing,24.27,40.1,1.81,5.9,0,0,28216.57,No issue,,,
723,SH00723,2024-03-17,C,S05,C2,Clothing,29.49,26.5,1.57,5.2,0,0,61465.25,No issue,,,
724,SH00724,2024-04-21,D,S04,C2,Electronics,15.015,25.3,1.58,3.4,0,0,59788.91,Partial delivery,,,
725,SH00725,2024-04-28,A,S05,C1,Frozen,12.43,28.8,1.8,9.9,0,0,42791.96,Partial delivery,,,
726,SH00726,2024-01-28,D,S08,C1,Grocery,13.52,28.2,1.56,6.5,1,0,57683.26,Partial delivery,,,
727,SH00727,2024-01-07,B,S10,C3,Grocery,15.015,34.3,1.68,5.3,0,0,49503.31,No issue,,,
728,SH00728,2024-02-25,A,S04,C4,Grocery,22.96,27.7,1.68,4.0,0,0,68592.58,Partial delivery,,,
729,SH00729,2024-04-28,B,S11,C4,Electronics,15.015,33.7,1.72,6.9,1,0,32316.11,Damaged carton,,,
730,SH00730,2024-01-21,B,S04,C1,Grocery,17.29,40.1,1.63,3.4,0,0,50099.1,No issue,,,
731,SH00731,2024-05-19,A,S03,C4,Grocery,14.18,25.5,1.61,3.3,1,0,48901.8,No issue,,,
732,SH00732,2024-04-14,B,S07,C3,Clothing,18.71,32.3,1.73,8.4,1,0,54416.74,Damaged carton,,,
733,SH00733,2024-04-14,B,S03,C3,Frozen,24.06,19.6,1.61,5.1,1,0,75057.07,No issue,,,
734,SH00734,2024-04-07,D,S12,C2,Grocery,13.56,26.4,1.56,3.5,0,0,50144.24,Partial delivery,,,
735,SH00735,2024-04-07,C,S03,C2,Grocery,15.015,26.8,1.82,5.0,0,0,63146.98,No issue,,,
736,SH00736,2024-01-14,B,S11,C2,Frozen,19.46,40.1,1.75,6.7,0,0,49782.76,Partial delivery,,,
737,SH00737,2024-03-31,B,S10,C1,Grocery,15.06,27.7,1.88,6.2,1,0,68063.69,No issue,,,
738,SH00738,2024-04-07,B,S05,C1,Grocery,14.14,24.3,1.78,6.9,0,0,63292.72,No issue,,,
739,SH00739,2024-05-12,D,S05,C1,Grocery,19.72,25.9,1.57,2.5,0,0,47000.28,No issue,,,
740,SH00740,2024-02-18,C,S06,C2,Electronics,14.86,27.7,1.71,6.9,0,0,45920.48,No issue,,,
741,SH00741,2024-01-21,A,S08,C3,Grocery,14.39,24.0,1.6,4.6,0,0,59304.41,Damaged carton,,,
742,SH00742,2024-04-14,D,S10,C2,Frozen,15.015,34.0,1.53,5.2,0,0,42168.91,Driver delay,,,
743,SH00743,2024-04-07,D,S06,C1,Electronics,0.5,27.7,1.66,7.4,0,0,54859.49,No issue,,,
744,SH00744,2024-03-17,C,S12,C4,Electronics,15.015,28.9,1.8,6.4,0,0,46663.05,No issue,,,
745,SH00745,2024-04-14,C,S01,C4,Grocery,13.48,30.0,1.73,4.9,0,0,57521.54,No issue,,,
746,SH00746,2024-03-31,D,S08,C3,Electronics,24.08,40.1,1.56,4.9,1,0,49584.74,No issue,,,
747,SH00747,2024-05-05,A,S08,C4,Clothing,17.39,24.9,1.65,4.9,0,0,41611.28,Partial delivery,,,
748,SH00748,2024-02-11,D,S09,C2,Clothing,11.75,25.9,1.69,3.4,0,0,68579.6,Damaged carton,,,
749,SH00749,2024-01-21,C,S09,C4,Clothing,21.4,40.1,1.53,4.9,0,1,55593.34,No issue,,,
750,SH00750,2024-05-12,A,S02,C1,Electronics,21.91,29.0,1.77,7.0,0,0,51196.22,No issue,,,
751,SH00751,2024-04-14,C,S02,C2,Frozen,13.69,40.1,1.68,4.9,0,1,58299.83,No issue,,,
752,SH00752,2024-02-04,A,S03,C1,Clothing,22.16,31.7,1.56,3.7,1,0,26932.19,No issue,,,
753,SH00753,2024-03-10,B,S01,C1,Clothing,11.67,27.1,1.56,8.1,0,0,83352.77,No issue,,,
754,SH00754,2024-02-18,C,S04,C1,Grocery,15.96,24.5,1.81,3.8,0,0,52370.32,No issue,,,
755,SH00755,2024-04-28,C,S04,C3,Grocery,18.43,29.3,1.66,2.6,0,0,22552.41,No issue,INVALID_DATE,INVALID_DATE,INVALID_DATE
756,SH00756,2024-02-18,D,S09,C3,Grocery,15.015,22.9,1.82,3.3,0,0,69956.42,No issue,,,
757,SH00757,2024-03-24,C,S09,C3,Clothing,18.73,19.6,1.86,3.9,0,0,40729.17,No issue,,,
758,SH00758,2024-04-28,C,S09,C1,Electronics,13.0,28.0,1.8,3.3,0,0,67655.7,Damaged carton,,,
759,SH00759,2024-03-31,B,S10,C4,Electronics,21.56,24.7,1.65,6.7,0,0,53823.51,No issue,,,
760,SH00760,2024-05-19,C,S07,C3,Frozen,14.25,26.7,1.45,0.6,0,0,28443.78,No issue,,,
761,SH00761,2024-01-28,B,S02,C2,Frozen,14.25,27.7,1.73,3.2,0,0,55918.93,No issue,,,
762,SH00762,2024-03-10,B,S10,C3,Frozen,11.67,34.0,1.91,4.9,0,0,54815.64,Driver delay,INVALID_DATE,INVALID_DATE,INVALID_DATE
763,SH00763,2024-01-21,B,S05,C1,Grocery,26.64,24.7,1.7,5.4,0,0,69276.57,Driver delay,,,
764,SH00764,2024-03-03,B,S04,C2,Clothing,10.55,40.1,1.5,8.4,0,0,59832.46,Partial delivery,,,
765,SH00765,2024-03-31,A,S12,C4,Grocery,22.75,29.9,1.63,8.1,1,0,33408.83,No issue,,,
766,SH00766,2024-05-05,D,S11,C1,Grocery,8.19,21.1,1.68,1.8,0,0,67034.04,No issue,,,
767,SH00767,2024-04-14,A,S08,C2,Grocery,17.93,20.7,1.59,4.9,0,0,45789.03,No issue,,,
768,SH00768,2024-01-28,C,S02,C4,Grocery,16.78,29.9,1.44,5.0,1,0,77803.98,No issue,,,
769,SH00769,2024-04-14,A,S06,C3,Electronics,15.015,25.8,1.69,4.9,0,0,46678.3,No issue,,,
770,SH00770,2024-01-14,A,S05,C1,Clothing,11.07,23.5,1.62,4.9,0,0,48830.63,Damaged carton,,,
771,SH00771,2024-04-14,C,S12,C1,Grocery,9.42,27.7,1.88,4.9,0,0,39671.2,No issue,,,
772,SH00772,2024-02-25,C,S02,C1,Clothing,14.3,23.9,1.71,5.5,0,1,44521.03,Damaged carton,,,
773,SH00773,2024-02-25,C,S11,C3,Electronics,24.99,40.1,1.75,3.3,0,1,40555.89,Partial delivery,,,
774,SH00774,2024-04-28,A,S10,C2,Grocery,9.7,23.5,1.69,3.8,0,0,69646.73,Damaged carton,,,
775,SH00775,2024-03-24,A,S01,C1,Electronics,0.5,29.5,1.71,3.5,0,0,32027.38,No issue,,,
776,SH00776,2024-05-12,C,S08,C4,Grocery,15.015,34.7,1.53,4.2,0,0,64068.69,Damaged carton,,,
777,SH00777,2024-03-10,D,S02,C2,Electronics,20.7,18.7,1.6,6.1,1,0,64429.9,No issue,,,
778,SH00778,2024-03-03,D-X,S07-X,C1,Electronics,8.92,28.6,1.81,2.8,0,0,72663.21,No issue,,,
779,SH00779,2024-02-04,B,S09,C2,Grocery,20.09,32.3,1.6949999999999998,3.7,0,0,52656.42,Partial delivery,,,
780,SH00780,2024-02-11,C,S09,C3,Grocery,8.78,25.9,1.66,4.2,1,0,36599.59,No issue,,,
781,SH00781,2024-05-19,B,S08,C1,Electronics,14.12,22.3,1.75,5.0,0,0,49423.63,No issue,,,
782,SH00782,2024-01-14,D,S11,C1,Frozen,19.52,30.1,1.75,4.9,0,0,60920.48,Partial delivery,,,
783,SH00783,2024-03-31,B,S12,C4,Grocery,7.88,27.7,1.6949999999999998,9.1,1,0,53270.95,No issue,,,
784,SH00784,2024-02-11,C,S10,C2,Clothing,16.09,32.5,1.72,6.1,0,0,57500.92,No issue,,,
785,SH00785,2024-02-04,C,S09,C2,Clothing,22.29,29.8,1.59,6.2,0,1,72479.29,No issue,,,
786,SH00786,2024-01-07,C,S02,C2,Frozen,17.84,28.5,1.69,4.5,0,0,60730.05,Partial delivery,,,
787,SH00787,2024-02-11,A,S06,C1,Clothing,10.68,23.5,1.6949999999999998,3.0,0,0,54976.62,Driver delay,,,
788,SH00788,2024-02-11,B,S04,C1,Electronics,24.11,32.3,1.8,3.9,0,0,24334.58,No issue,,,
789,SH00789,2024-04-21,D,S04,C2,Clothing,18.95,32.0,1.6949999999999998,3.6,0,0,40242.24,Partial delivery,,,
790,SH00790,2024-01-28,D,S05,C1,Frozen,3.84,22.3,1.73,5.8,0,0,45929.87,No issue,,,
791,SH00791,2024-03-17,D,S12,C1,Grocery,20.19,29.8,1.61,1.7,0,1,22343.3,Partial delivery,,,
792,SH00792,2024-03-03,A,S03,C4,Grocery,11.57,31.3,1.6949999999999998,6.2,0,0,35360.97,Damaged carton,,,
793,SH00793,2024-01-21,A,S01,C4,Grocery,16.18,32.4,1.78,4.8,0,0,47973.21,Partial delivery,,,
794,SH00794,2024-05-12,C,S08,C3,Clothing,15.015,27.6,1.77,6.5,0,0,50414.23,No issue,,,
795,SH00795,2024-02-25,D,S05,C4,Clothing,11.7,23.7,1.63,3.6,0,0,59587.15,No issue,,,
796,SH00796,2024-02-04,A,S03,C1,Grocery,5.13,25.5,1.68,3.2,0,1,48920.61,No issue,,,
797,SH00797,2024-01-28,C,S10,C4,Electronics,24.03,23.0,1.65,4.2,0,1,55720.61,No issue,INVALID_DATE,INVALID_DATE,INVALID_DATE
798,SH00798,2024-02-11,D,S07,C1,Electronics,21.99,27.7,1.99,4.1,0,0,45733.16,No issue,,,
799,SH00799,2024-01-14,B,S07,C4,Grocery,14.48,26.8,1.73,6.6,0,0,52630.2,No issue,,,
800,SH00800,2024-05-19,C,S01,C4,Frozen,15.015,27.7,1.62,6.6,1,0,58764.59,No issue,,,
801,SH00801,2024-03-17,A,S12,C3,Grocery,12.78,32.5,1.83,8.8,0,0,74089.45,No issue,,,
802,SH00802,2024-01-28,A-X,S09 ,C4,Grocery,15.58,27.7,1.84,4.0,1,0,44280.36,No issue,,,
803,SH00803,2024-04-14,C,S02,C3,Electronics,14.13,30.4,1.88,4.9,0,0,54162.73,No issue,,,
804,SH00804,2024-02-11,C,S05,C1,Clothing,13.03,26.2,1.91,4.2,0,1,65036.91,Driver delay,,,
805,SH00805,2024-04-28,A,S05,C2,Grocery,17.16,26.6,1.77,5.5,1,0,30406.1,No issue,,,
806,SH00806,2024-02-11,B,S08,C3,Clothing,15.015,27.1,1.67,6.4,0,1,81967.39,Partial delivery,,,
807,SH00807,2024-05-12,D,S08,C1,Electronics,13.49,28.9,1.68,5.6,0,0,69685.46,Driver delay,,,
808,SH00808,2024-01-14,B,S07,C3,Grocery,16.89,29.9,1.67,4.0,1,0,26327.67,Driver delay,,,
809,SH00809,2024-04-14,C,S07,C4,Grocery,26.03,28.0,1.66,4.9,1,1,57570.73,No issue,,,
810,SH00810,2024-03-17,B,S12,C1,Electronics,7.99,26.5,1.82,4.9,1,0,43533.2,No issue,,,
811,SH00811,2024-02-25,A,S11,C3,Grocery,15.06,27.7,1.7,4.5,0,1,46039.78,No issue,,,
812,SH00812,2024-05-12,C ,S06 ,C4,Frozen,18.78,21.0,1.8,2.8,0,0,57257.52,No issue,,,
813,SH00813,2024-03-31,D,S06,C4,Clothing,3.74,34.4,1.77,4.9,0,0,67755.99,No issue,,,
814,SH00814,2024-03-24,A,S11,C4,Frozen,17.46,39.0,1.59,8.2,0,1,45011.91,No issue,,,
815,SH00815,2024-02-04,A,S09,C2,Grocery,20.28,34.0,1.53,4.7,1,0,45213.28,No issue,,,
816,SH00816,2024-02-11,D,S06,C4,Frozen,18.53,21.7,1.58,4.7,0,1,57582.5,No issue,,,
817,SH00817,2024-01-28,D,S12,C3,Electronics,15.015,31.9,1.66,1.6,0,1,60579.34,No issue,,,
818,SH00818,2024-05-12,B,S02,C1,Grocery,17.0,33.1,1.71,4.4,0,0,36893.03,No issue,,,
819,SH00819,2024-05-19,C,S02,C2,Grocery,16.02,26.0,1.64,7.3,0,0,77855.09,Damaged carton,,,
820,SH00820,2024-01-07,D,S05,C3,Grocery,4.86,30.4,1.77,4.5,1,0,42350.29,Partial delivery,,,
821,SH00821,2024-05-19,D,S04,C1,Clothing,16.16,25.7,1.65,4.4,0,0,66470.11,Damaged carton,,,
822,SH00822,2024-04-28,C,S11,C3,Electronics,12.8,35.6,1.73,7.2,0,0,58775.57,No issue,,,
823,SH00823,2024-03-24,D,S02,C3,Grocery,10.77,29.8,1.71,4.4,1,0,61094.86,No issue,,,
824,SH00824,2024-04-14,D,S03,C1,Electronics,29.91,23.4,1.87,7.6,0,0,42640.73,No issue,,,
825,SH00825,2024-01-07,B,S07,C3,Grocery,22.52,31.3,1.6,2.4,0,0,26142.25,No issue,,,
826,SH00826,2024-04-07,A,S08,C3,Electronics,14.86,33.3,1.92,6.4,0,0,51678.98,No issue,,,
827,SH00827,2024-02-11,A,S12,C2,Grocery,17.08,29.0,1.64,8.3,0,0,51740.8,Partial delivery,,,
828,SH00828,2024-02-04,A,S06,C1,Clothing,23.75,30.4,1.57,7.0,0,0,37629.67,Partial delivery,,,
829,SH00829,2024-03-17,A,S11,C1,Clothing,6.02,27.7,1.68,1.3,1,1,65769.15,Damaged carton,,,
830,SH00830,2024-01-28,D,S05,C2,Electronics,15.46,22.3,2.02,3.7,0,0,51227.06,Damaged carton,,,
831,SH00831,2024-03-31,C,S01,C4,Grocery,15.74,27.2,1.79,4.5,1,0,39863.91,No issue,,,
832,SH00832,2024-03-17,C,S08,C1,Grocery,7.35,30.6,1.76,7.0,1,0,60776.07,No issue,,,
833,SH00833,2024-01-21,B,S03,C3,Clothing,17.28,27.4,1.78,2.3,0,0,61174.3,No issue,,,
834,SH00834,2024-01-07,B,S06,C1,Grocery,21.7,32.0,1.62,3.0,0,1,41254.78,Driver delay,,,
835,SH00835,2024-02-11,D,S03,C2,Grocery,24.05,26.0,1.73,1.8,0,0,70500.88,Driver delay,,,
836,SH00836,2024-05-05,C,S07,C4,Grocery,13.5,26.4,1.7,3.3,0,0,85648.66,Damaged carton,,,
837,SH00837,2024-03-10,C,S07,C3,Electronics,30.01,32.2,1.88,2.5,1,0,35649.54,No issue,,,
838,SH00838,2024-02-04,A,S12,C1,Electronics,15.015,29.1,1.69,8.2,0,0,49244.59,Damaged carton,,,
839,SH00839,2024-03-10,D,S09,C2,Clothing,17.14,25.9,1.66,3.7,0,0,57055.15,No issue,,,
840,SH00840,2024-03-24,D,S05,C1,Grocery,6.53,33.2,1.58,6.4,0,0,86203.9,No issue,,,
841,SH00841,2024-01-14,A,S08,C2,Grocery,15.54,24.6,1.71,4.9,0,0,40993.34,No issue,,,
842,SH00842,2024-03-31,D,S10,C3,Clothing,11.87,24.4,1.73,4.9,0,0,37906.23,No issue,,,
843,SH00843,2024-02-25,D,S10,C1,Clothing,18.04,16.1,1.58,3.8,0,1,37803.71,Damaged carton,,,
844,SH00844,2024-01-14,B,S08,C1,Grocery,14.24,25.2,1.75,6.5,0,0,70321.35,No issue,,,
845,SH00845,2024-05-19,C,S01,C2,Electronics,10.04,34.5,1.72,5.3,0,0,41382.53,No issue,,,
846,SH00846,2024-01-07,D,S12,C4,Grocery,10.44,17.6,1.6949999999999998,5.2,0,0,39247.99,No issue,,,
847,SH00847,2024-02-04,B,S05,C4,Frozen,26.59,23.2,1.82,3.8,0,0,55464.51,No issue,,,
848,SH00848,2024-03-03,C,S03,C1,Grocery,17.66,30.2,1.71,4.1,0,1,56623.32,No issue,,,
849,SH00849,2024-04-28,A,S01,C3,Frozen,14.25,16.8,1.6,6.2,0,0,68065.31,No issue,,,
850,SH00850,2024-03-03,B,S04,C2,Clothing,18.3,25.4,1.62,5.5,0,0,53378.89,No issue,,,
851,SH00851,2024-03-17,B,S08,C2,Electronics,13.83,33.7,1.88,4.9,0,0,55733.98,No issue,,,
852,SH00852,2024-04-14,C,S03,C3,Grocery,15.03,38.2,1.6949999999999998,4.9,1,0,50420.94,Partial delivery,,,
853,SH00853,2024-02-11,A,S10,C4,Electronics,19.92,29.5,1.87,8.9,0,0,32435.4,Partial delivery,,,
854,SH00854,2024-01-21,B,S02,C4,Electronics,22.1,23.4,1.75,4.0,0,0,49005.93,No issue,,,
855,SH00855,2024-04-28,D,S11,C3,Grocery,9.85,23.2,1.78,4.9,1,0,52942.5,No issue,,,
856,SH00856,2024-02-04,D,S09,C2,Clothing,14.82,40.1,1.79,4.6,1,0,45342.65,Damaged carton,,,
857,SH00857,2024-03-24,D,S10,C3,Frozen,11.72,40.1,1.58,8.9,0,0,28533.19,No issue,,,
858,SH00858,2024-05-05,A,S05,C1,Electronics,18.58,37.3,1.73,4.4,0,0,34975.14,No issue,,,
859,SH00859,2024-04-07,B,S07,C3,Clothing,14.265,27.7,1.58,4.2,0,1,51409.28,No issue,,,
860,SH00860,2024-03-17,D,S11,C2,Grocery,15.18,28.4,1.67,5.2,0,0,65991.3,Damaged carton,,,
861,SH00861,2024-03-03,A,S11,C3,Electronics,13.38,26.3,1.76,3.6,1,0,77234.26,Partial delivery,,,
862,SH00862,2024-01-14,D,S02,C1,Grocery,14.36,40.1,1.6,4.9,0,0,49242.54,No issue,,,
863,SH00863,2024-03-24,C,S09,C1,Electronics,25.23,31.1,1.76,9.7,0,0,41246.89,Damaged carton,,,
864,SH00864,2024-01-21,B,S09,C4,Frozen,29.34,24.7,1.55,5.6,0,0,46412.36,No issue,,,
865,SH00865,2024-01-21,B,S04,C1,Clothing,15.015,26.9,1.81,5.5,0,0,36303.77,Partial delivery,,,
866,SH00866,2024-01-07,A,S04,C2,Grocery,14.4,23.6,1.63,3.6,0,0,63816.18,No issue,,,
867,SH00867,2024-02-25,A,S06,C1,Grocery,5.43,16.1,1.6,8.4,1,0,84064.17,No issue,,,
868,SH00868,2024-02-25,B,S10,C1,Electronics,10.44,29.6,1.56,8.9,0,0,41611.98,No issue,,,
869,SH00869,2024-03-17,D,S10,C1,Electronics,14.24,36.9,1.64,6.7,0,0,34119.38,Partial delivery,,,
870,SH00870,2024-03-03,D,S10,C1,Clothing,10.71,19.8,1.51,6.3,0,0,67097.25,No issue,,,
871,SH00871,2024-02-04,C,S06,C4,Clothing,15.015,28.3,1.65,4.5,0,0,56770.77,No issue,,,
872,SH00872,2024-04-07,D,S12,C1,Electronics,24.45,24.5,1.81,5.8,0,0,57023.94,No issue,,,
873,SH00873,2024-01-21,A,S01,C4,Grocery,15.17,30.6,1.68,3.3,1,0,75822.61,No issue,,,
874,SH00874,2024-02-04,A,S09,C3,Grocery,15.71,27.7,1.58,2.7,0,0,31502.71,Damaged carton,,,
875,SH00875,2024-02-04,D,S02,C2,Grocery,10.95,21.2,1.6949999999999998,2.0,1,0,31083.75,No issue,,,
876,SH00876,2024-05-12,A,S05,C3,Grocery,22.07,23.1,1.71,5.8,0,0,49574.29,Partial delivery,,,
877,SH00877,2024-04-07,B,S09,C2,Electronics,13.72,23.8,1.6949999999999998,2.2,0,0,52951.05,No issue,,,
878,SH00878,2024-01-28,B,S04,C3,Clothing,11.87,34.7,1.78,4.0,0,0,46675.78,No issue,,,
879,SH00879,2024-03-31,D,S11,C1,Clothing,5.52,34.5,1.73,4.9,0,0,88911.29,Damaged carton,,,
880,SH00880,2024-03-10,B,S03,C2,Grocery,14.63,26.4,1.79,7.0,1,0,47346.37,No issue,,,
881,SH00881,2024-05-05,B,S07,C4,Grocery,11.69,27.7,1.69,3.8,0,0,43739.12,Driver delay,,,
882,SH00882,2024-02-25,C,S06,C4,Grocery,25.11,27.7,1.69,7.2,0,1,53865.15,No issue,,,
883,SH00883,2024-02-25,C,S08,C4,Grocery,15.06,27.7,1.87,6.9,0,1,66563.3,Damaged carton,,,
884,SH00884,2024-02-18,B,S03,C2,Clothing,14.265,28.3,1.6949999999999998,2.9,1,0,41118.58,No issue,,,
885,SH00885,2024-02-25,D,S05,C3,Grocery,8.27,29.4,1.8,7.2,0,0,49795.2,Damaged carton,,,
886,SH00886,2024-04-07,C###,S10 ,C2,Electronics,13.34,25.2,1.69,4.4,0,0,66989.27,Driver delay,,,
887,SH00887,2024-05-12,A,S04,C2,Grocery,10.1,28.1,1.67,4.0,0,0,67822.1,No issue,,,
888,SH00888,2024-02-11,A,S04,C1,Frozen,16.3,31.9,1.64,4.4,0,0,55264.42,No issue,,,
889,SH00889,2024-01-07,A,S04,C3,Electronics,13.04,28.6,1.72,5.0,0,0,88275.87,No issue,,,
890,SH00890,2024-04-14,D,S10,C1,Grocery,16.68,28.2,1.7,4.2,1,0,81709.77,Damaged carton,,,
891,SH00891,2024-01-07,B,S08,C2,Electronics,21.1,30.5,1.66,3.3,0,0,30908.26,No issue,,,
892,SH00892,2024-04-28,A,S06,C4,Clothing,8.61,31.3,1.63,3.5,0,0,26620.58,No issue,,,
893,SH00893,2024-01-07,D,S03,C1,Frozen,20.97,27.7,1.51,5.3,0,0,63935.72,Partial delivery,,,
894,SH00894,2024-04-14,C,S10,C1,Grocery,10.63,25.6,1.63,4.9,0,0,72480.48,No issue,,,
895,SH00895,2024-01-14,B,S05,C1,Frozen,15.015,28.9,1.65,6.1,0,0,48628.62,No issue,,,
896,SH00896,2024-04-07,C,S06,C4,Frozen,24.73,27.7,1.72,5.1,1,0,44467.06,Partial delivery,,,
897,SH00897,2024-02-25,D,S05,C2,Frozen,15.015,26.9,1.9,5.2,1,0,39695.64,No issue,,,
898,SH00898,2024-02-25,A,S06,C2,Electronics,9.22,16.1,1.64,6.2,1,1,34479.82,No issue,,,
899,SH00899,2024-05-12,A,S08,C4,Electronics,14.86,27.7,1.6,7.8,1,1,69045.14,No issue,,,
900,SH00900,2024-02-18,D,S07,C4,Electronics,20.24,18.9,1.63,7.9,0,0,46280.58,No issue,,,
901,SH00901,2024-05-12,A,S05,C2,Clothing,14.82,27.7,1.72,7.7,0,0,56527.01,No issue,,,
902,SH00902,2024-02-11,B,S10,C3,Electronics,14.86,27.7,1.76,6.7,0,0,24612.91,Driver delay,,,
903,SH00903,2024-02-11,D,S06,C3,Clothing,28.23,21.7,1.77,9.2,0,0,67034.07,Driver delay,,,
904,SH00904,2024-01-21,C,S04,C3,Electronics,10.38,30.5,1.78,4.9,0,0,60816.67,Partial delivery,,,
905,SH00905,2024-02-18,D,S12,C1,Clothing,7.62,32.9,1.8,5.7,0,1,31829.66,No issue,,,
906,SH00906,2024-05-12,B,S09,C4,Clothing,16.16,30.5,1.67,9.5,0,0,55885.43,No issue,,,
907,SH00907,2024-02-25,B,S04,C2,Grocery,21.87,27.1,1.91,-0.5,1,0,52071.15,Partial delivery,,,
908,SH00908,2024-03-10,D,S01,C1,Clothing,9.36,29.2,1.66,4.6,0,0,45247.68,Damaged carton,,,
909,SH00909,2024-05-19,D,S07,C2,Electronics,15.21,32.5,1.71,7.5,1,0,8456.09,Driver delay,INVALID_DATE,INVALID_DATE,INVALID_DATE
910,SH00910,2024-04-14,A,S07,C1,Clothing,23.22,25.7,1.83,4.9,0,0,42095.06,Damaged carton,,,
911,SH00911,2024-04-14,B,S04,C1,Electronics,5.2,28.1,1.76,10.1,0,0,56536.47,No issue,,,
912,SH00912,2024-01-07,D,S03,C3,Grocery,16.41,26.7,1.48,5.2,0,0,43771.53,No issue,,,
913,SH00913,2024-05-19,D###,S08 ,C1,Frozen,11.76,19.9,1.7,4.1,0,0,48674.57,No issue,,,
914,SH00914,2024-02-18,B,S05,C2,Grocery,15.74,32.6,1.79,4.3,0,0,74451.35,No issue,,,
915,SH00915,2024-01-28,D,S10,C2,Clothing,19.26,38.3,1.6949999999999998,5.6,0,0,50837.38,No issue,,,
916,SH00916,2024-02-11,A,S07,C1,Electronics,16.32,23.6,1.78,8.2,0,1,20548.01,No issue,,,
917,SH00917,2024-01-07,B,S04,C4,Electronics,8.94,27.7,1.74,8.3,0,0,49227.24,No issue,,,
918,SH00918,2024-02-04,A,S04,C1,Grocery,11.99,23.8,1.82,4.9,0,1,53490.91,No issue,,,
919,SH00919,2024-01-07,A,S08,C2,Electronics,23.56,28.7,1.63,5.5,0,0,39619.68,Driver delay,,,
920,SH00920,2024-01-28,A,S08,C2,Grocery,16.97,35.5,1.6949999999999998,3.8,0,0,63021.23,No issue,,,
921,SH00921,2024-01-14,A,S02,C1,Grocery,20.04,25.4,1.72,4.9,0,0,30066.57,Partial delivery,,,
922,SH00922,2024-03-10,B,S02,C1,Grocery,16.5,40.1,1.88,7.1,0,0,49933.88,Driver delay,,,
923,SH00923,2024-02-04,A,S03,C3,Grocery,19.85,19.0,1.98,8.2,0,1,29893.62,Partial delivery,,,
924,SH00924,2024-03-10,A,S12,C4,Frozen,12.62,27.7,1.85,3.6,0,1,47564.68,No issue,,,
925,SH00925,2024-01-07,D,S12,C1,Frozen,10.39,18.5,1.75,5.5,0,0,62621.95,No issue,,,
926,SH00926,2024-02-11,B,S03,C3,Grocery,19.58,40.1,1.93,4.5,0,0,49574.8,Driver delay,,,
927,SH00927,2024-03-31,B,S01,C3,Clothing,21.76,32.2,1.76,6.7,0,0,48699.2,No issue,,,
928,SH00928,2024-04-14,C,S03,C4,Grocery,9.51,26.9,1.61,4.9,0,1,52416.55,No issue,,,
929,SH00929,2024-01-28,B,S06,C2,Clothing,11.54,29.4,1.7,1.1,0,0,53166.51,No issue,,,
930,SH00930,2024-03-31,B-X,S08-X,C2,Clothing,14.02,26.4,1.78,7.0,0,0,62406.28,No issue,,,
931,SH00931,2024-05-19,C,S12,C2,Frozen,24.72,31.7,1.78,4.4,0,0,62497.24,No issue,,,
932,SH00932,2024-04-14,B,S10,C3,Electronics,18.38,28.6,1.59,4.6,0,0,73325.44,Partial delivery,,,
933,SH00933,2024-02-25,B,S06,C4,Clothing,7.06,18.1,1.59,5.9,0,1,54514.25,Driver delay,,,
934,SH00934,2024-02-04,B,S05,C1,Grocery,14.44,32.7,1.67,5.7,0,0,27089.13,No issue,,,
935,SH00935,2024-04-14,B,S04,C2,Frozen,13.52,26.1,1.75,5.9,0,0,64869.23,Damaged carton,,,
936,SH00936,2024-01-28,C,S03,C4,Grocery,7.96,21.6,1.77,1.7,0,0,72247.37,Partial delivery,,,
937,SH00937,2024-03-24,B,S04,C4,Electronics,14.37,25.8,1.71,6.1,0,0,88925.43,Damaged carton,,,
938,SH00938,2024-03-31,B,S07,C4,Clothing,14.265,27.7,1.62,1.2,0,0,73775.59,No issue,,,
939,SH00939,2024-01-14,C,S01,C3,Clothing,12.83,21.8,1.87,6.5,0,0,44645.52,Driver delay,,,
940,SH00940,2024-05-12,D,S07,C2,Grocery,12.56,28.7,1.59,7.2,1,1,54807.76,No issue,,,
941,SH00941,2024-05-12,A,S01,C3,Frozen,23.83,29.1,1.83,2.3,1,0,47940.6,Partial delivery,,,
942,SH00942,2024-01-28,D,S02,C3,Grocery,12.82,29.5,1.77,5.7,0,0,45902.1,No issue,,,
943,SH00943,2024-01-28,C,S04,C1,Electronics,15.3,28.0,1.6949999999999998,7.1,0,0,50297.72,Partial delivery,,,
944,SH00944,2024-03-17,A,S01,C2,Grocery,14.65,24.5,1.66,4.1,0,0,71286.15,No issue,,,
945,SH00945,2024-02-04,C,S11,C3,Grocery,11.97,27.7,1.69,6.3,0,1,28162.43,No issue,,,
946,SH00946,2024-05-19,C,S12,C1,Electronics,15.48,25.8,1.71,-0.6,1,0,36961.82,Damaged carton,,,
947,SH00947,2024-03-17,B,S11,C3,Electronics,14.86,27.7,1.65,4.9,1,0,70292.4,No issue,,,
948,SH00948,2024-03-10,A,S11,C3,Grocery,15.48,24.1,1.72,5.1,0,0,73805.02,No issue,,,
949,SH00949,2024-02-25,B,S09,C4,Grocery,9.84,32.4,1.86,4.5,0,0,42107.56,Damaged carton,,,
950,SH00950,2024-02-11,A,S12,C1,Electronics,13.76,35.9,1.57,7.0,0,0,76761.23,No issue,,,
951,SH00951,2024-02-11,C,S06,C1,Clothing,19.56,31.3,1.63,8.5,0,1,66638.23,Damaged carton,,,
952,SH00952,2024-02-25,C,S01,C3,Frozen,13.92,35.7,1.6949999999999998,6.0,1,0,47983.58,No issue,,,
953,SH00953,2024-04-14,D,S01,C1,Grocery,15.97,28.4,1.69,8.2,1,0,15471.02,No issue,,,
954,SH00954,2024-04-07,A,S06,C3,Grocery,16.0,36.7,1.69,1.9,0,0,26979.77,No issue,,,
955,SH00955,2024-03-17,B,S04,C3,Grocery,17.5,38.3,1.78,4.9,0,0,42127.35,No issue,,,
956,SH00956,2024-03-24,D,S04,C1,Grocery,18.35,19.3,1.7,4.7,0,0,63399.05,Driver delay,,,
957,SH00957,2024-03-31,D,S11,C2,Clothing,13.96,29.1,1.73,4.9,0,1,63446.5,No issue,,,
958,SH00958,2024-02-25,D,S06,C2,Electronics,14.86,28.4,1.74,1.1,1,0,45003.26,No issue,,,
959,SH00959,2024-05-05,B,S12,C2,Grocery,7.69,25.9,1.72,6.2,0,0,48530.89,Damaged carton,,,
960,SH00960,2024-01-07,D,S11,C4,Grocery,21.11,30.5,1.77,6.8,0,0,51512.78,No issue,,,
961,SH00961,2024-04-14,B,S07,C4,Grocery,19.62,28.2,1.69,7.7,0,0,48718.93,Damaged carton,,,
962,SH00962,2024-02-25,D,S09,C3,Clothing,18.9,24.3,1.86,7.4,1,0,54454.51,No issue,,,
963,SH00963,2024-03-17,B,S10,C3,Frozen,19.87,27.9,1.6949999999999998,4.9,0,1,51549.38,Partial delivery,,,
964,SH00964,2024-03-24,C,S05,C2,Grocery,14.03,34.0,1.77,7.6,1,0,26886.59,Partial delivery,,,
965,SH00965,2024-03-24,C,S09,C4,Grocery,11.25,28.9,1.72,7.8,1,1,48886.58,Damaged carton,,,
966,SH00966,2024-01-28,C,S04,C3,Frozen,9.12,31.1,1.76,4.5,1,0,51661.03,No issue,,,
967,SH00967,2024-04-21,C,S10,C3,Frozen,8.46,26.6,1.59,5.1,0,0,66846.99,No issue,,,
968,SH00968,2024-01-28,C,S02,C4,Electronics,22.27,30.3,1.72,3.1,0,0,39530.41,Damaged carton,,,
969,SH00969,2024-02-04,D,S03,C1,Grocery,12.04,22.0,1.63,8.0,0,0,55058.58,No issue,,,
970,SH00970,2024-02-04,D,S11,C4,Grocery,21.33,25.5,1.75,2.0,0,0,60442.6,Damaged carton,,,
971,SH00971,2024-02-25,D,S01,C1,Electronics,13.88,27.5,1.63,6.1,0,0,49774.79,No issue,,,
972,SH00972,2024-03-10,B,S06,C2,Grocery,10.94,21.6,1.67,3.8,0,0,25678.03,Partial delivery,,,
973,SH00973,2024-04-28,B,S06,C2,Grocery,15.06,27.7,1.51,2.8,0,0,67151.04,Damaged carton,,,
974,SH00974,2024-03-03,B,S01,C4,Electronics,11.47,29.6,1.58,1.3,1,1,63207.12,No issue,,,
975,SH00975,2024-05-12,B,S11,C4,Grocery,23.51,28.6,1.74,4.6,0,0,55431.6,No issue,,,
976,SH00976,2024-04-07,C,S03,C3,Clothing,8.49,32.0,1.61,2.5,0,1,52604.96,Damaged carton,,,
977,SH00977,2024-02-25,C,S05,C3,Grocery,27.7,25.0,1.81,5.1,0,0,25278.63,No issue,,,
978,SH00978,2024-03-03,C,S03,C3,Grocery,15.015,28.3,1.6,8.5,0,0,63619.85,Partial delivery,,,
979,SH00979,2024-03-17,A,S10,C4,Electronics,19.5,24.6,1.75,5.4,1,0,74295.94,Partial delivery,,,
980,SH00980,2024-01-07,D,S03,C2,Grocery,14.13,31.5,1.62,9.0,0,0,35293.82,No issue,,,
981,SH00981,2024-04-07,B,S10,C2,Frozen,13.08,34.0,1.74,3.0,1,1,72175.28,Partial delivery,,,
982,SH00982,2024-02-04,B,S03,C1,Electronics,7.37,30.4,1.55,2.4,0,0,68971.87,Damaged carton,,,
983,SH00983,2024-04-07,C,S05,C3,Grocery,14.41,27.7,1.65,2.9,0,1,34852.07,Partial delivery,,,
984,SH00984,2024-01-28,B,S05,C3,Clothing,14.265,28.2,1.62,4.9,0,1,46087.85,No issue,,,
985,SH00985,2024-01-07,B,S04,C2,Grocery,4.91,32.0,1.79,10.4,0,0,31068.44,Damaged carton,,,
986,SH00986,2024-05-12,D,S01,C1,Frozen,14.25,27.7,1.75,1.7,0,1,51022.92,No issue,,,
987,SH00987,2024-02-25,C,S05,C4,Grocery,11.19,22.9,1.58,6.2,0,0,58724.76,No issue,,,
988,SH00988,2024-04-14,D,S10,C1,Electronics,25.11,40.1,1.68,3.6,0,1,32192.98,No issue,,,
989,SH00989,2024-04-14,A,S05,C3,Grocery,21.0,23.0,1.62,4.9,0,0,57787.04,No issue,,,
990,SH00990,2024-03-03,A,S04,C4,Electronics,15.015,39.7,1.8,2.5,0,0,61586.89,No issue,,,
991,SH00991,2024-03-03,A,S06,C2,Clothing,10.91,26.3,1.83,6.8,1,1,61802.18,Damaged carton,,,
992,SH00992,2024-03-10,C,S10,C1,Clothing,15.82,31.2,1.56,4.9,0,0,58817.54,No issue,,,
993,SH00993,2024-05-19,B,S04,C3,Grocery,0.5,27.9,1.78,7.2,0,0,33572.64,Damaged carton,,,
994,SH00994,2024-03-03,C,S07,C4,Grocery,13.31,21.8,1.62,5.4,0,0,50177.89,Driver delay,,,
995,SH00995,2024-01-21,C,S07,C2,Clothing,15.59,18.5,1.67,4.9,1,0,57285.28,No issue,,,
996,SH00996,2024-05-19,B,S02,C4,Frozen,15.015,31.7,1.7,7.2,1,0,73915.38,No issue,,,
997,SH00997,2024-03-17,D,S03,C1,Grocery,14.75,40.1,1.88,1.0,0,0,52036.99,No issue,,,
998,SH00998,2024-02-11,A,S01,C2,Electronics,15.4,24.3,1.6,1.3,0,0,58383.12,No issue,,,
999,SH00999,2024-01-14,D,S08,C3,Grocery,0.5,19.7,1.78,4.9,0,0,38019.6,No issue,,,
